[2026-08-19T05:55:20.959Z] --- hook invoked ---
[2026-08-19T05:55:20.962Z] stdin: {"session_id":"75e83d43-c571-4bbf-9990-723732d8d908","request_set_id":"ab659d9d-f6d8-40f4-a508-69f10abe38a5","transcript_path":"C:\\Users\\panpan\\.qoder\\projects\\d-code-web3-coldwallet\\transcript\
[2026-08-19T05:55:21.092Z] modifiedFiles: 9 files
[2026-08-19T05:55:21.092Z]   - .gitignore, ".qoder/repowiki/zh/content/\346\240\270\345\277\203\346\234\215\345\212\241/\344\272\244\346\230\223\345\244\204\347\220\206\346\234\215\345\212\241.md", ".qoder/repowiki/zh/content/\346\240\270\345\277\203\346\234\215\345\212\241/\351\222\261\345\214\205\347\256\241\347\220\206\346\234\215\345\212\241.md", ".qoder/repowiki/zh/content/\347\224\250\346\210\267\347\225\214\351\235\242/\345\206\267\351\222\261\345\214\205App\347\225\214\351\235\242/\344\272\244\346\230\223\350\257\246\346\203\205\347\225\214\351\235\242.md", ".qoder/repowiki/zh/content/\347\224\250\346\210\267\347\225\214\351\235\242/\345\206\267\351\222\261\345\214\205App\347\225\214\351\235\242/\351\222\261\345\214\205\350\256\276\347\275\256\347\225\214\351\235\242.md", ".qoder/repowiki/zh/content/\347\224\250\346\210\267\347\225\214\351\235\242/\345\206\267\351\222\261\345\214\205App\347\225\214\351\235\242/\351\246\226\351\241\265\347\225\214\351\235\242.md", .qoder/repowiki/zh/meta/repowiki-metadata.json, AGENTS.md, coldwallet-app/.metadata
[2026-08-19T05:55:21.093Z] pass - no source file changes
[2026-08-19T05:57:22.945Z] --- hook invoked ---
[2026-08-19T05:57:22.947Z] stdin: {"session_id":"75e83d43-c571-4bbf-9990-723732d8d908","request_set_id":"09c55321-9504-46ae-91fc-9eea39de0339","transcript_path":"C:\\Users\\panpan\\.qoder\\projects\\d-code-web3-coldwallet\\transcript\
[2026-08-19T05:57:23.039Z] modifiedFiles: 9 files
[2026-08-19T05:57:23.039Z]   - .gitignore, ".qoder/repowiki/zh/content/\346\240\270\345\277\203\346\234\215\345\212\241/\344\272\244\346\230\223\345\244\204\347\220\206\346\234\215\345\212\241.md", ".qoder/repowiki/zh/content/\346\240\270\345\277\203\346\234\215\345\212\241/\351\222\261\345\214\205\347\256\241\347\220\206\346\234\215\345\212\241.md", ".qoder/repowiki/zh/content/\347\224\250\346\210\267\347\225\214\351\235\242/\345\206\267\351\222\261\345\214\205App\347\225\214\351\235\242/\344\272\244\346\230\223\350\257\246\346\203\205\347\225\214\351\235\242.md", ".qoder/repowiki/zh/content/\347\224\250\346\210\267\347\225\214\351\235\242/\345\206\267\351\222\261\345\214\205App\347\225\214\351\235\242/\351\222\261\345\214\205\350\256\276\347\275\256\347\225\214\351\235\242.md", ".qoder/repowiki/zh/content/\347\224\250\346\210\267\347\225\214\351\235\242/\345\206\267\351\222\261\345\214\205App\347\225\214\351\235\242/\351\246\226\351\241\265\347\225\214\351\235\242.md", .qoder/repowiki/zh/meta/repowiki-metadata.json, AGENTS.md, coldwallet-app/.metadata
[2026-08-19T05:57:23.040Z] pass - no source file changes
[2026-08-19T06:03:48.491Z] --- hook invoked ---
[2026-08-19T06:03:48.493Z] stdin: {"session_id":"75e83d43-c571-4bbf-9990-723732d8d908","request_set_id":"65af1de5-b8d9-48e2-8e9c-4780706237f4","transcript_path":"C:\\Users\\panpan\\.qoder\\projects\\d-code-web3-coldwallet\\transcript\
[2026-08-19T06:03:48.694Z] modifiedFiles: 11 files
[2026-08-19T06:03:48.695Z]   - .gitignore, ".qoder/repowiki/zh/content/\346\236\266\346\236\204\350\256\276\350\256\241/\346\234\215\345\212\241\345\261\202\346\236\266\346\236\204.md", ".qoder/repowiki/zh/content/\346\240\270\345\277\203\346\234\215\345\212\241/\344\272\244\346\230\223\345\244\204\347\220\206\346\234\215\345\212\241.md", ".qoder/repowiki/zh/content/\346\240\270\345\277\203\346\234\215\345\212\241/\351\222\261\345\214\205\347\256\241\347\220\206\346\234\215\345\212\241.md", ".qoder/repowiki/zh/content/\347\224\250\346\210\267\347\225\214\351\235\242/\345\206\267\351\222\261\345\214\205App\347\225\214\351\235\242/\344\272\214\347\273\264\347\240\201\346\211\253\346\217\217\347\225\214\351\235\242.md", ".qoder/repowiki/zh/content/\347\224\250\346\210\267\347\225\214\351\235\242/\345\206\267\351\222\261\345\214\205App\347\225\214\351\235\242/\344\272\244\346\230\223\350\257\246\346\203\205\347\225\214\351\235\242.md", ".qoder/repowiki/zh/content/\347\224\250\346\210\267\347\225\214\351\235\242/\345\206\267\351\222\261\345\214\205App\347\225\214\351\235\242/\351\222\261\345\214\205\350\256\276\347\275\256\347\225\214\351\235\242.md", ".qoder/repowiki/zh/content/\347\224\250\346\210\267\347\225\214\351\235\242/\345\206\267\351\222\261\345\214\205App\347\225\214\351\235\242/\351\246\226\351\241\265\347\225\214\351\235\242.md", .qoder/repowiki/zh/meta/repowiki-metadata.json, AGENTS.md...
[2026-08-19T06:03:48.697Z] pass - no source file changes
[2026-08-19T06:04:40.503Z] --- hook invoked ---
[2026-08-19T06:04:40.505Z] stdin: {"session_id":"75e83d43-c571-4bbf-9990-723732d8d908","request_set_id":"88acc524-f10f-4de5-9f8d-ae53eeb843ee","transcript_path":"C:\\Users\\panpan\\.qoder\\projects\\d-code-web3-coldwallet\\transcript\
[2026-08-19T06:04:40.584Z] modifiedFiles: 11 files
[2026-08-19T06:04:40.584Z]   - .gitignore, ".qoder/repowiki/zh/content/\346\236\266\346\236\204\350\256\276\350\256\241/\346\234\215\345\212\241\345\261\202\346\236\266\346\236\204.md", ".qoder/repowiki/zh/content/\346\240\270\345\277\203\346\234\215\345\212\241/\344\272\244\346\230\223\345\244\204\347\220\206\346\234\215\345\212\241.md", ".qoder/repowiki/zh/content/\346\240\270\345\277\203\346\234\215\345\212\241/\351\222\261\345\214\205\347\256\241\347\220\206\346\234\215\345\212\241.md", ".qoder/repowiki/zh/content/\347\224\250\346\210\267\347\225\214\351\235\242/\345\206\267\351\222\261\345\214\205App\347\225\214\351\235\242/\344\272\214\347\273\264\347\240\201\346\211\253\346\217\217\347\225\214\351\235\242.md", ".qoder/repowiki/zh/content/\347\224\250\346\210\267\347\225\214\351\235\242/\345\206\267\351\222\261\345\214\205App\347\225\214\351\235\242/\344\272\244\346\230\223\350\257\246\346\203\205\347\225\214\351\235\242.md", ".qoder/repowiki/zh/content/\347\224\250\346\210\267\347\225\214\351\235\242/\345\206\267\351\222\261\345\214\205App\347\225\214\351\235\242/\351\222\261\345\214\205\350\256\276\347\275\256\347\225\214\351\235\242.md", ".qoder/repowiki/zh/content/\347\224\250\346\210\267\347\225\214\351\235\242/\345\206\267\351\222\261\345\214\205App\347\225\214\351\235\242/\351\246\226\351\241\265\347\225\214\351\235\242.md", .qoder/repowiki/zh/meta/repowiki-metadata.json, AGENTS.md...
[2026-08-19T06:04:40.585Z] pass - no source file changes
[2026-08-19T06:05:44.423Z] --- hook invoked ---
[2026-08-19T06:05:44.424Z] stdin: {"session_id":"75e83d43-c571-4bbf-9990-723732d8d908","request_set_id":"133f505d-b790-4ca6-8d76-39d2053bb066","transcript_path":"C:\\Users\\panpan\\.qoder\\projects\\d-code-web3-coldwallet\\transcript\
[2026-08-19T06:05:44.505Z] modifiedFiles: 11 files
[2026-08-19T06:05:44.506Z]   - .gitignore, ".qoder/repowiki/zh/content/\346\236\266\346\236\204\350\256\276\350\256\241/\346\234\215\345\212\241\345\261\202\346\236\266\346\236\204.md", ".qoder/repowiki/zh/content/\346\240\270\345\277\203\346\234\215\345\212\241/\344\272\244\346\230\223\345\244\204\347\220\206\346\234\215\345\212\241.md", ".qoder/repowiki/zh/content/\346\240\270\345\277\203\346\234\215\345\212\241/\351\222\261\345\214\205\347\256\241\347\220\206\346\234\215\345\212\241.md", ".qoder/repowiki/zh/content/\347\224\250\346\210\267\347\225\214\351\235\242/\345\206\267\351\222\261\345\214\205App\347\225\214\351\235\242/\344\272\214\347\273\264\347\240\201\346\211\253\346\217\217\347\225\214\351\235\242.md", ".qoder/repowiki/zh/content/\347\224\250\346\210\267\347\225\214\351\235\242/\345\206\267\351\222\261\345\214\205App\347\225\214\351\235\242/\344\272\244\346\230\223\350\257\246\346\203\205\347\225\214\351\235\242.md", ".qoder/repowiki/zh/content/\347\224\250\346\210\267\347\225\214\351\235\242/\345\206\267\351\222\261\345\214\205App\347\225\214\351\235\242/\351\222\261\345\214\205\350\256\276\347\275\256\347\225\214\351\235\242.md", ".qoder/repowiki/zh/content/\347\224\250\346\210\267\347\225\214\351\235\242/\345\206\267\351\222\261\345\214\205App\347\225\214\351\235\242/\351\246\226\351\241\265\347\225\214\351\235\242.md", .qoder/repowiki/zh/meta/repowiki-metadata.json, AGENTS.md...
[2026-08-19T06:05:44.506Z] pass - no source file changes
[2026-08-19T06:06:45.866Z] --- hook invoked ---
[2026-08-19T06:06:45.867Z] stdin: {"session_id":"75e83d43-c571-4bbf-9990-723732d8d908","request_set_id":"c150124a-44ac-4f6a-9a99-fdb40a419df1","transcript_path":"C:\\Users\\panpan\\.qoder\\projects\\d-code-web3-coldwallet\\transcript\
[2026-08-19T06:06:45.948Z] modifiedFiles: 11 files
[2026-08-19T06:06:45.949Z]   - .gitignore, ".qoder/repowiki/zh/content/\346\236\266\346\236\204\350\256\276\350\256\241/\346\234\215\345\212\241\345\261\202\346\236\266\346\236\204.md", ".qoder/repowiki/zh/content/\346\240\270\345\277\203\346\234\215\345\212\241/\344\272\244\346\230\223\345\244\204\347\220\206\346\234\215\345\212\241.md", ".qoder/repowiki/zh/content/\346\240\270\345\277\203\346\234\215\345\212\241/\351\222\261\345\214\205\347\256\241\347\220\206\346\234\215\345\212\241.md", ".qoder/repowiki/zh/content/\347\224\250\346\210\267\347\225\214\351\235\242/\345\206\267\351\222\261\345\214\205App\347\225\214\351\235\242/\344\272\214\347\273\264\347\240\201\346\211\253\346\217\217\347\225\214\351\235\242.md", ".qoder/repowiki/zh/content/\347\224\250\346\210\267\347\225\214\351\235\242/\345\206\267\351\222\261\345\214\205App\347\225\214\351\235\242/\344\272\244\346\230\223\350\257\246\346\203\205\347\225\214\351\235\242.md", ".qoder/repowiki/zh/content/\347\224\250\346\210\267\347\225\214\351\235\242/\345\206\267\351\222\261\345\214\205App\347\225\214\351\235\242/\351\222\261\345\214\205\350\256\276\347\275\256\347\225\214\351\235\242.md", ".qoder/repowiki/zh/content/\347\224\250\346\210\267\347\225\214\351\235\242/\345\206\267\351\222\261\345\214\205App\347\225\214\351\235\242/\351\246\226\351\241\265\347\225\214\351\235\242.md", .qoder/repowiki/zh/meta/repowiki-metadata.json, AGENTS.md...
[2026-08-19T06:06:45.950Z] pass - no source file changes
[2026-08-19T06:08:24.708Z] --- hook invoked ---
[2026-08-19T06:08:24.709Z] stdin: {"session_id":"75e83d43-c571-4bbf-9990-723732d8d908","request_set_id":"ab673168-21b5-4576-add8-50eaa5ca5975","transcript_path":"C:\\Users\\panpan\\.qoder\\projects\\d-code-web3-coldwallet\\transcript\
[2026-08-19T06:08:24.811Z] modifiedFiles: 11 files
[2026-08-19T06:08:24.811Z]   - .gitignore, ".qoder/repowiki/zh/content/\346\236\266\346\236\204\350\256\276\350\256\241/\346\234\215\345\212\241\345\261\202\346\236\266\346\236\204.md", ".qoder/repowiki/zh/content/\346\240\270\345\277\203\346\234\215\345\212\241/\344\272\244\346\230\223\345\244\204\347\220\206\346\234\215\345\212\241.md", ".qoder/repowiki/zh/content/\346\240\270\345\277\203\346\234\215\345\212\241/\351\222\261\345\214\205\347\256\241\347\220\206\346\234\215\345\212\241.md", ".qoder/repowiki/zh/content/\347\224\250\346\210\267\347\225\214\351\235\242/\345\206\267\351\222\261\345\214\205App\347\225\214\351\235\242/\344\272\214\347\273\264\347\240\201\346\211\253\346\217\217\347\225\214\351\235\242.md", ".qoder/repowiki/zh/content/\347\224\250\346\210\267\347\225\214\351\235\242/\345\206\267\351\222\261\345\214\205App\347\225\214\351\235\242/\344\272\244\346\230\223\350\257\246\346\203\205\347\225\214\351\235\242.md", ".qoder/repowiki/zh/content/\347\224\250\346\210\267\347\225\214\351\235\242/\345\206\267\351\222\261\345\214\205App\347\225\214\351\235\242/\351\222\261\345\214\205\350\256\276\347\275\256\347\225\214\351\235\242.md", ".qoder/repowiki/zh/content/\347\224\250\346\210\267\347\225\214\351\235\242/\345\206\267\351\222\261\345\214\205App\347\225\214\351\235\242/\351\246\226\351\241\265\347\225\214\351\235\242.md", .qoder/repowiki/zh/meta/repowiki-metadata.json, AGENTS.md...
[2026-08-19T06:08:24.812Z] pass - no source file changes
[2026-08-19T06:09:37.969Z] --- hook invoked ---
[2026-08-19T06:09:37.970Z] stdin: {"session_id":"75e83d43-c571-4bbf-9990-723732d8d908","request_set_id":"50a864cd-0a1f-4e88-bc53-1e0bf46e219c","transcript_path":"C:\\Users\\panpan\\.qoder\\projects\\d-code-web3-coldwallet\\transcript\
[2026-08-19T06:09:38.067Z] modifiedFiles: 11 files
[2026-08-19T06:09:38.068Z]   - .gitignore, ".qoder/repowiki/zh/content/\346\236\266\346\236\204\350\256\276\350\256\241/\346\234\215\345\212\241\345\261\202\346\236\266\346\236\204.md", ".qoder/repowiki/zh/content/\346\240\270\345\277\203\346\234\215\345\212\241/\344\272\244\346\230\223\345\244\204\347\220\206\346\234\215\345\212\241.md", ".qoder/repowiki/zh/content/\346\240\270\345\277\203\346\234\215\345\212\241/\351\222\261\345\214\205\347\256\241\347\220\206\346\234\215\345\212\241.md", ".qoder/repowiki/zh/content/\347\224\250\346\210\267\347\225\214\351\235\242/\345\206\267\351\222\261\345\214\205App\347\225\214\351\235\242/\344\272\214\347\273\264\347\240\201\346\211\253\346\217\217\347\225\214\351\235\242.md", ".qoder/repowiki/zh/content/\347\224\250\346\210\267\347\225\214\351\235\242/\345\206\267\351\222\261\345\214\205App\347\225\214\351\235\242/\344\272\244\346\230\223\350\257\246\346\203\205\347\225\214\351\235\242.md", ".qoder/repowiki/zh/content/\347\224\250\346\210\267\347\225\214\351\235\242/\345\206\267\351\222\261\345\214\205App\347\225\214\351\235\242/\351\222\261\345\214\205\350\256\276\347\275\256\347\225\214\351\235\242.md", ".qoder/repowiki/zh/content/\347\224\250\346\210\267\347\225\214\351\235\242/\345\206\267\351\222\261\345\214\205App\347\225\214\351\235\242/\351\246\226\351\241\265\347\225\214\351\235\242.md", .qoder/repowiki/zh/meta/repowiki-metadata.json, AGENTS.md...
[2026-08-19T06:09:38.069Z] pass - no source file changes
[2026-08-19T06:10:45.499Z] --- hook invoked ---
[2026-08-19T06:10:45.500Z] stdin: {"session_id":"75e83d43-c571-4bbf-9990-723732d8d908","request_set_id":"14d08d30-c0af-41aa-ac43-774017aa0ac1","transcript_path":"C:\\Users\\panpan\\.qoder\\projects\\d-code-web3-coldwallet\\transcript\
[2026-08-19T06:10:45.579Z] modifiedFiles: 11 files
[2026-08-19T06:10:45.579Z]   - .gitignore, ".qoder/repowiki/zh/content/\346\236\266\346\236\204\350\256\276\350\256\241/\346\234\215\345\212\241\345\261\202\346\236\266\346\236\204.md", ".qoder/repowiki/zh/content/\346\240\270\345\277\203\346\234\215\345\212\241/\344\272\244\346\230\223\345\244\204\347\220\206\346\234\215\345\212\241.md", ".qoder/repowiki/zh/content/\346\240\270\345\277\203\346\234\215\345\212\241/\351\222\261\345\214\205\347\256\241\347\220\206\346\234\215\345\212\241.md", ".qoder/repowiki/zh/content/\347\224\250\346\210\267\347\225\214\351\235\242/\345\206\267\351\222\261\345\214\205App\347\225\214\351\235\242/\344\272\214\347\273\264\347\240\201\346\211\253\346\217\217\347\225\214\351\235\242.md", ".qoder/repowiki/zh/content/\347\224\250\346\210\267\347\225\214\351\235\242/\345\206\267\351\222\261\345\214\205App\347\225\214\351\235\242/\344\272\244\346\230\223\350\257\246\346\203\205\347\225\214\351\235\242.md", ".qoder/repowiki/zh/content/\347\224\250\346\210\267\347\225\214\351\235\242/\345\206\267\351\222\261\345\214\205App\347\225\214\351\235\242/\351\222\261\345\214\205\350\256\276\347\275\256\347\225\214\351\235\242.md", ".qoder/repowiki/zh/content/\347\224\250\346\210\267\347\225\214\351\235\242/\345\206\267\351\222\261\345\214\205App\347\225\214\351\235\242/\351\246\226\351\241\265\347\225\214\351\235\242.md", .qoder/repowiki/zh/meta/repowiki-metadata.json, AGENTS.md...
[2026-08-19T06:10:45.580Z] pass - no source file changes
[2026-08-19T06:12:51.185Z] --- hook invoked ---
[2026-08-19T06:12:51.187Z] stdin: {"session_id":"75e83d43-c571-4bbf-9990-723732d8d908","request_set_id":"5e7be90d-69b2-4c13-85ea-8b5f4a760c28","transcript_path":"C:\\Users\\panpan\\.qoder\\projects\\d-code-web3-coldwallet\\transcript\
[2026-08-19T06:12:51.349Z] modifiedFiles: 11 files
[2026-08-19T06:12:51.350Z]   - .gitignore, ".qoder/repowiki/zh/content/\346\236\266\346\236\204\350\256\276\350\256\241/\346\234\215\345\212\241\345\261\202\346\236\266\346\236\204.md", ".qoder/repowiki/zh/content/\346\240\270\345\277\203\346\234\215\345\212\241/\344\272\244\346\230\223\345\244\204\347\220\206\346\234\215\345\212\241.md", ".qoder/repowiki/zh/content/\346\240\270\345\277\203\346\234\215\345\212\241/\351\222\261\345\214\205\347\256\241\347\220\206\346\234\215\345\212\241.md", ".qoder/repowiki/zh/content/\347\224\250\346\210\267\347\225\214\351\235\242/\345\206\267\351\222\261\345\214\205App\347\225\214\351\235\242/\344\272\214\347\273\264\347\240\201\346\211\253\346\217\217\347\225\214\351\235\242.md", ".qoder/repowiki/zh/content/\347\224\250\346\210\267\347\225\214\351\235\242/\345\206\267\351\222\261\345\214\205App\347\225\214\351\235\242/\344\272\244\346\230\223\350\257\246\346\203\205\347\225\214\351\235\242.md", ".qoder/repowiki/zh/content/\347\224\250\346\210\267\347\225\214\351\235\242/\345\206\267\351\222\261\345\214\205App\347\225\214\351\235\242/\351\222\261\345\214\205\350\256\276\347\275\256\347\225\214\351\235\242.md", ".qoder/repowiki/zh/content/\347\224\250\346\210\267\347\225\214\351\235\242/\345\206\267\351\222\261\345\214\205App\347\225\214\351\235\242/\351\246\226\351\241\265\347\225\214\351\235\242.md", .qoder/repowiki/zh/meta/repowiki-metadata.json, AGENTS.md...
[2026-08-19T06:12:51.351Z] pass - no source file changes
[2026-08-19T06:23:18.285Z] --- hook invoked ---
[2026-08-19T06:23:18.288Z] stdin: {"session_id":"75e83d43-c571-4bbf-9990-723732d8d908","request_set_id":"4d6f03a0-3eba-4c22-b5b1-a6a97b3135e9","transcript_path":"C:\\Users\\panpan\\.qoder\\projects\\d-code-web3-coldwallet\\transcript\
[2026-08-19T06:23:18.402Z] modifiedFiles: 11 files
[2026-08-19T06:23:18.402Z]   - .gitignore, ".qoder/repowiki/zh/content/\346\236\266\346\236\204\350\256\276\350\256\241/\346\234\215\345\212\241\345\261\202\346\236\266\346\236\204.md", ".qoder/repowiki/zh/content/\346\240\270\345\277\203\346\234\215\345\212\241/\344\272\244\346\230\223\345\244\204\347\220\206\346\234\215\345\212\241.md", ".qoder/repowiki/zh/content/\346\240\270\345\277\203\346\234\215\345\212\241/\351\222\261\345\214\205\347\256\241\347\220\206\346\234\215\345\212\241.md", ".qoder/repowiki/zh/content/\347\224\250\346\210\267\347\225\214\351\235\242/\345\206\267\351\222\261\345\214\205App\347\225\214\351\235\242/\344\272\214\347\273\264\347\240\201\346\211\253\346\217\217\347\225\214\351\235\242.md", ".qoder/repowiki/zh/content/\347\224\250\346\210\267\347\225\214\351\235\242/\345\206\267\351\222\261\345\214\205App\347\225\214\351\235\242/\344\272\244\346\230\223\350\257\246\346\203\205\347\225\214\351\235\242.md", ".qoder/repowiki/zh/content/\347\224\250\346\210\267\347\225\214\351\235\242/\345\206\267\351\222\261\345\214\205App\347\225\214\351\235\242/\351\222\261\345\214\205\350\256\276\347\275\256\347\225\214\351\235\242.md", ".qoder/repowiki/zh/content/\347\224\250\346\210\267\347\225\214\351\235\242/\345\206\267\351\222\261\345\214\205App\347\225\214\351\235\242/\351\246\226\351\241\265\347\225\214\351\235\242.md", .qoder/repowiki/zh/meta/repowiki-metadata.json, AGENTS.md...
[2026-08-19T06:23:18.403Z] pass - no source file changes
[2026-08-19T07:21:07.219Z] --- hook invoked ---
[2026-08-19T07:21:07.220Z] stdin: {"session_id":"75e83d43-c571-4bbf-9990-723732d8d908","request_set_id":"638945b6-4b67-4407-8eb5-568cb78ebbae","transcript_path":"C:\\Users\\panpan\\.qoder\\projects\\d-code-web3-coldwallet\\transcript\
[2026-08-19T07:21:07.346Z] modifiedFiles: 24 files
[2026-08-19T07:21:07.347Z]   - .gitignore, ".qoder/repowiki/zh/content/API\345\217\202\350\200\203/\346\225\260\346\215\256\344\272\244\346\215\242\346\240\274\345\274\217.md", ".qoder/repowiki/zh/content/\346\225\260\346\215\256\346\250\241\345\236\213.md", ".qoder/repowiki/zh/content/\346\236\266\346\236\204\350\256\276\350\256\241/\346\234\215\345\212\241\345\261\202\346\236\266\346\236\204.md", ".qoder/repowiki/zh/content/\346\240\270\345\277\203\346\234\215\345\212\241/\344\272\244\346\230\223\345\244\204\347\220\206\346\234\215\345\212\241.md", ".qoder/repowiki/zh/content/\346\240\270\345\277\203\346\234\215\345\212\241/\351\222\261\345\214\205\347\256\241\347\220\206\346\234\215\345\212\241.md", ".qoder/repowiki/zh/content/\347\224\250\346\210\267\347\225\214\351\235\242/\345\206\267\351\222\261\345\214\205App\347\225\214\351\235\242/\344\272\214\347\273\264\347\240\201\346\211\253\346\217\217\347\225\214\351\235\242.md", ".qoder/repowiki/zh/content/\347\224\250\346\210\267\347\225\214\351\235\242/\345\206\267\351\222\261\345\214\205App\347\225\214\351\235\242/\344\272\244\346\230\223\350\257\246\346\203\205\347\225\214\351\235\242.md", ".qoder/repowiki/zh/content/\347\224\250\346\210\267\347\225\214\351\235\242/\345\206\267\351\222\261\345\214\205App\347\225\214\351\235\242/\351\222\261\345\214\205\350\256\276\347\275\256\347\225\214\351\235\242.md", ".qoder/repowiki/zh/content/\347\224\250\346\210\267\347\225\214\351\235\242/\345\206\267\351\222\261\345\214\205App\347\225\214\351\235\242/\351\246\226\351\241\265\347\225\214\351\235\242.md"...
[2026-08-19T07:21:07.347Z] source files: 9 (coldwallet-app/lib/models/certificate.dart, coldwallet-app/lib/models/cold_export.dart, coldwallet-app/lib/screens/home_screen.dart, coldwallet-app/lib/services/adapters/cardano_adapter.dart, coldwallet-app/lib/services/wallet_service.dart)
[2026-08-19T07:21:07.347Z] doc files: 0 ()
[2026-08-19T07:21:07.348Z] BLOCK - source changed but no doc update: coldwallet-app/lib/models/certificate.dart
  - coldwallet-app/lib/models/cold_export.dart
  - coldwallet-app/lib/screens/home_screen.dart
  - coldwallet-app/lib/services/adapters/cardano_adapter.dart
  - coldwallet-app/lib/services/wallet_service.dart
  - coldwallet-watch/lib/models/cold_export.dart
  - coldwallet-watch/lib/models/watch_wallet.dart
  - coldwallet-watch/lib/screens/add_wallet_screen.dart
[2026-08-19T07:25:26.363Z] --- hook invoked ---
[2026-08-19T07:25:26.364Z] stdin: {"session_id":"75e83d43-c571-4bbf-9990-723732d8d908","request_set_id":"638945b6-4b67-4407-8eb5-568cb78ebbae","transcript_path":"C:\\Users\\panpan\\.qoder\\projects\\d-code-web3-coldwallet\\transcript\
[2026-08-19T07:25:26.365Z] pass - stop_hook_active (loop prevention)
[2026-08-19T07:28:57.276Z] --- hook invoked ---
[2026-08-19T07:28:57.277Z] stdin: {"session_id":"75e83d43-c571-4bbf-9990-723732d8d908","request_set_id":"3539829c-5b1a-4122-a984-c94051280e79","transcript_path":"C:\\Users\\panpan\\.qoder\\projects\\d-code-web3-coldwallet\\transcript\
[2026-08-19T07:28:57.396Z] modifiedFiles: 1 files
[2026-08-19T07:28:57.397Z]   - .qoder/hooks/stop-hook.log
[2026-08-19T07:28:57.398Z] pass - no source file changes
[2026-08-19T07:47:16.834Z] --- hook invoked ---
[2026-08-19T07:47:16.837Z] stdin: {"session_id":"75e83d43-c571-4bbf-9990-723732d8d908","request_set_id":"484f229f-3d98-4c6e-b6b4-9fbf646aa160","transcript_path":"C:\\Users\\panpan\\.qoder\\projects\\d-code-web3-coldwallet\\transcript\
[2026-08-19T07:47:17.103Z] modifiedFiles: 17 files
[2026-08-19T07:47:17.103Z]   - .qoder/hooks/stop-hook.log, ".qoder/repowiki/zh/content/\346\225\260\346\215\256\346\250\241\345\236\213.md", ".qoder/repowiki/zh/content/\346\240\270\345\277\203\346\234\215\345\212\241/\344\272\244\346\230\223\345\244\204\347\220\206\346\234\215\345\212\241.md", ".qoder/repowiki/zh/content/\346\240\270\345\277\203\346\234\215\345\212\241/\345\214\272\345\235\227\351\223\276\344\272\244\344\272\222\346\234\215\345\212\241.md", ".qoder/repowiki/zh/content/\346\240\270\345\277\203\346\234\215\345\212\241/\351\222\261\345\214\205\347\256\241\347\220\206\346\234\215\345\212\241.md", ".qoder/repowiki/zh/content/\347\224\250\346\210\267\347\225\214\351\235\242/\345\206\267\351\222\261\345\214\205App\347\225\214\351\235\242/\351\222\261\345\214\205\350\256\276\347\275\256\347\225\214\351\235\242.md", ".qoder/repowiki/zh/content/\347\224\250\346\210\267\347\225\214\351\235\242/\345\206\267\351\222\261\345\214\205App\347\225\214\351\235\242/\351\246\226\351\241\265\347\225\214\351\235\242.md", .qoder/repowiki/zh/meta/repowiki-metadata.json, coldwallet-app/lib/screens/README.md, coldwallet-app/lib/screens/wallet_setup_screen.dart...
[2026-08-19T07:47:17.105Z] source files: 7 (coldwallet-app/lib/screens/wallet_setup_screen.dart, coldwallet-app/lib/services/adapters/cardano_adapter.dart, coldwallet-app/lib/services/adapters/chain_adapter.dart, coldwallet-app/lib/services/adapters/evm_adapter.dart, coldwallet-app/lib/services/secure_storage_service.dart)
[2026-08-19T07:47:17.105Z] doc files: 2 (coldwallet-app/lib/screens/README.md, coldwallet-app/lib/services/README.md)
[2026-08-19T07:47:17.106Z] pass - has both source and doc changes
[2026-08-19T08:06:07.429Z] --- hook invoked ---
[2026-08-19T08:06:07.430Z] stdin: {"session_id":"75e83d43-c571-4bbf-9990-723732d8d908","request_set_id":"00c2c0b6-f520-47f3-94e3-297b92a4f305","transcript_path":"C:\\Users\\panpan\\.qoder\\projects\\d-code-web3-coldwallet\\transcript\
[2026-08-19T08:06:07.584Z] modifiedFiles: 18 files
[2026-08-19T08:06:07.585Z]   - .qoder/hooks/stop-hook.log, ".qoder/repowiki/zh/content/\346\225\260\346\215\256\346\250\241\345\236\213.md", ".qoder/repowiki/zh/content/\346\240\270\345\277\203\346\234\215\345\212\241/\344\272\244\346\230\223\345\244\204\347\220\206\346\234\215\345\212\241.md", ".qoder/repowiki/zh/content/\346\240\270\345\277\203\346\234\215\345\212\241/\345\214\272\345\235\227\351\223\276\344\272\244\344\272\222\346\234\215\345\212\241.md", ".qoder/repowiki/zh/content/\346\240\270\345\277\203\346\234\215\345\212\241/\351\222\261\345\214\205\347\256\241\347\220\206\346\234\215\345\212\241.md", ".qoder/repowiki/zh/content/\347\224\250\346\210\267\347\225\214\351\235\242/\345\206\267\351\222\261\345\214\205App\347\225\214\351\235\242/\351\222\261\345\214\205\350\256\276\347\275\256\347\225\214\351\235\242.md", ".qoder/repowiki/zh/content/\347\224\250\346\210\267\347\225\214\351\235\242/\345\206\267\351\222\261\345\214\205App\347\225\214\351\235\242/\351\246\226\351\241\265\347\225\214\351\235\242.md", .qoder/repowiki/zh/meta/repowiki-metadata.json, coldwallet-app/lib/screens/README.md, coldwallet-app/lib/screens/home_screen.dart...
[2026-08-19T08:06:07.586Z] source files: 8 (coldwallet-app/lib/screens/home_screen.dart, coldwallet-app/lib/screens/wallet_setup_screen.dart, coldwallet-app/lib/services/adapters/cardano_adapter.dart, coldwallet-app/lib/services/adapters/chain_adapter.dart, coldwallet-app/lib/services/adapters/evm_adapter.dart)
[2026-08-19T08:06:07.586Z] doc files: 2 (coldwallet-app/lib/screens/README.md, coldwallet-app/lib/services/README.md)
[2026-08-19T08:06:07.587Z] pass - has both source and doc changes
[2026-08-19T08:08:02.736Z] --- hook invoked ---
[2026-08-19T08:08:02.739Z] stdin: {"session_id":"75e83d43-c571-4bbf-9990-723732d8d908","request_set_id":"a8e41d91-108d-443f-acb0-d6085c969338","transcript_path":"C:\\Users\\panpan\\.qoder\\projects\\d-code-web3-coldwallet\\transcript\
[2026-08-19T08:08:02.931Z] modifiedFiles: 18 files
[2026-08-19T08:08:02.932Z]   - .qoder/hooks/stop-hook.log, ".qoder/repowiki/zh/content/\346\225\260\346\215\256\346\250\241\345\236\213.md", ".qoder/repowiki/zh/content/\346\240\270\345\277\203\346\234\215\345\212\241/\344\272\244\346\230\223\345\244\204\347\220\206\346\234\215\345\212\241.md", ".qoder/repowiki/zh/content/\346\240\270\345\277\203\346\234\215\345\212\241/\345\214\272\345\235\227\351\223\276\344\272\244\344\272\222\346\234\215\345\212\241.md", ".qoder/repowiki/zh/content/\346\240\270\345\277\203\346\234\215\345\212\241/\351\222\261\345\214\205\347\256\241\347\220\206\346\234\215\345\212\241.md", ".qoder/repowiki/zh/content/\347\224\250\346\210\267\347\225\214\351\235\242/\345\206\267\351\222\261\345\214\205App\347\225\214\351\235\242/\351\222\261\345\214\205\350\256\276\347\275\256\347\225\214\351\235\242.md", ".qoder/repowiki/zh/content/\347\224\250\346\210\267\347\225\214\351\235\242/\345\206\267\351\222\261\345\214\205App\347\225\214\351\235\242/\351\246\226\351\241\265\347\225\214\351\235\242.md", .qoder/repowiki/zh/meta/repowiki-metadata.json, coldwallet-app/lib/screens/README.md, coldwallet-app/lib/screens/home_screen.dart...
[2026-08-19T08:08:02.933Z] source files: 8 (coldwallet-app/lib/screens/home_screen.dart, coldwallet-app/lib/screens/wallet_setup_screen.dart, coldwallet-app/lib/services/adapters/cardano_adapter.dart, coldwallet-app/lib/services/adapters/chain_adapter.dart, coldwallet-app/lib/services/adapters/evm_adapter.dart)
[2026-08-19T08:08:02.934Z] doc files: 2 (coldwallet-app/lib/screens/README.md, coldwallet-app/lib/services/README.md)
[2026-08-19T08:08:02.934Z] pass - has both source and doc changes
[2026-08-19T08:08:57.223Z] --- hook invoked ---
[2026-08-19T08:08:57.225Z] stdin: {"session_id":"75e83d43-c571-4bbf-9990-723732d8d908","request_set_id":"5e67c714-69be-419b-bcb9-f4c6dfaff8b5","transcript_path":"C:\\Users\\panpan\\.qoder\\projects\\d-code-web3-coldwallet\\transcript\
[2026-08-19T08:08:57.353Z] modifiedFiles: 18 files
[2026-08-19T08:08:57.353Z]   - .qoder/hooks/stop-hook.log, ".qoder/repowiki/zh/content/\346\225\260\346\215\256\346\250\241\345\236\213.md", ".qoder/repowiki/zh/content/\346\240\270\345\277\203\346\234\215\345\212\241/\344\272\244\346\230\223\345\244\204\347\220\206\346\234\215\345\212\241.md", ".qoder/repowiki/zh/content/\346\240\270\345\277\203\346\234\215\345\212\241/\345\214\272\345\235\227\351\223\276\344\272\244\344\272\222\346\234\215\345\212\241.md", ".qoder/repowiki/zh/content/\346\240\270\345\277\203\346\234\215\345\212\241/\351\222\261\345\214\205\347\256\241\347\220\206\346\234\215\345\212\241.md", ".qoder/repowiki/zh/content/\347\224\250\346\210\267\347\225\214\351\235\242/\345\206\267\351\222\261\345\214\205App\347\225\214\351\235\242/\351\222\261\345\214\205\350\256\276\347\275\256\347\225\214\351\235\242.md", ".qoder/repowiki/zh/content/\347\224\250\346\210\267\347\225\214\351\235\242/\345\206\267\351\222\261\345\214\205App\347\225\214\351\235\242/\351\246\226\351\241\265\347\225\214\351\235\242.md", .qoder/repowiki/zh/meta/repowiki-metadata.json, coldwallet-app/lib/screens/README.md, coldwallet-app/lib/screens/home_screen.dart...
[2026-08-19T08:08:57.354Z] source files: 8 (coldwallet-app/lib/screens/home_screen.dart, coldwallet-app/lib/screens/wallet_setup_screen.dart, coldwallet-app/lib/services/adapters/cardano_adapter.dart, coldwallet-app/lib/services/adapters/chain_adapter.dart, coldwallet-app/lib/services/adapters/evm_adapter.dart)
[2026-08-19T08:08:57.354Z] doc files: 2 (coldwallet-app/lib/screens/README.md, coldwallet-app/lib/services/README.md)
[2026-08-19T08:08:57.354Z] pass - has both source and doc changes
[2026-08-19T08:18:23.354Z] --- hook invoked ---
[2026-08-19T08:18:23.357Z] stdin: {"session_id":"642c5f11-c7b3-41ce-80a9-2b464b8bfc85","request_set_id":"4961f8bd-86c5-444f-a2e5-f759c9c7cb69","transcript_path":"C:\\Users\\panpan\\.qoder\\projects\\d-code-web3-coldwallet\\transcript\
[2026-08-19T08:18:23.635Z] modifiedFiles: 19 files
[2026-08-19T08:18:23.636Z]   - .qoder/hooks/stop-hook.log, ".qoder/repowiki/zh/content/\346\225\260\346\215\256\346\250\241\345\236\213.md", ".qoder/repowiki/zh/content/\346\240\270\345\277\203\346\234\215\345\212\241/\344\272\244\346\230\223\345\244\204\347\220\206\346\234\215\345\212\241.md", ".qoder/repowiki/zh/content/\346\240\270\345\277\203\346\234\215\345\212\241/\345\214\272\345\235\227\351\223\276\344\272\244\344\272\222\346\234\215\345\212\241.md", ".qoder/repowiki/zh/content/\346\240\270\345\277\203\346\234\215\345\212\241/\351\222\261\345\214\205\347\256\241\347\220\206\346\234\215\345\212\241.md", ".qoder/repowiki/zh/content/\347\224\250\346\210\267\347\225\214\351\235\242/\345\206\267\351\222\261\345\214\205App\347\225\214\351\235\242/\351\222\261\345\214\205\350\256\276\347\275\256\347\225\214\351\235\242.md", ".qoder/repowiki/zh/content/\347\224\250\346\210\267\347\225\214\351\235\242/\345\206\267\351\222\261\345\214\205App\347\225\214\351\235\242/\351\246\226\351\241\265\347\225\214\351\235\242.md", .qoder/repowiki/zh/meta/repowiki-metadata.json, coldwallet-app/lib/screens/README.md, coldwallet-app/lib/screens/home_screen.dart...
[2026-08-19T08:18:23.637Z] source files: 8 (coldwallet-app/lib/screens/home_screen.dart, coldwallet-app/lib/screens/wallet_setup_screen.dart, coldwallet-app/lib/services/adapters/cardano_adapter.dart, coldwallet-app/lib/services/adapters/chain_adapter.dart, coldwallet-app/lib/services/adapters/evm_adapter.dart)
[2026-08-19T08:18:23.638Z] doc files: 2 (coldwallet-app/lib/screens/README.md, coldwallet-app/lib/services/README.md)
[2026-08-19T08:18:23.639Z] pass - has both source and doc changes
[2026-08-19T08:19:12.147Z] --- hook invoked ---
[2026-08-19T08:19:12.150Z] stdin: {"session_id":"75e83d43-c571-4bbf-9990-723732d8d908","request_set_id":"ad5d7d94-7617-4271-9f7f-9576c17be676","transcript_path":"C:\\Users\\panpan\\.qoder\\projects\\d-code-web3-coldwallet\\transcript\
[2026-08-19T08:19:12.372Z] modifiedFiles: 19 files
[2026-08-19T08:19:12.374Z]   - .qoder/hooks/stop-hook.log, ".qoder/repowiki/zh/content/\346\225\260\346\215\256\346\250\241\345\236\213.md", ".qoder/repowiki/zh/content/\346\240\270\345\277\203\346\234\215\345\212\241/\344\272\244\346\230\223\345\244\204\347\220\206\346\234\215\345\212\241.md", ".qoder/repowiki/zh/content/\346\240\270\345\277\203\346\234\215\345\212\241/\345\214\272\345\235\227\351\223\276\344\272\244\344\272\222\346\234\215\345\212\241.md", ".qoder/repowiki/zh/content/\346\240\270\345\277\203\346\234\215\345\212\241/\351\222\261\345\214\205\347\256\241\347\220\206\346\234\215\345\212\241.md", ".qoder/repowiki/zh/content/\347\224\250\346\210\267\347\225\214\351\235\242/\345\206\267\351\222\261\345\214\205App\347\225\214\351\235\242/\351\222\261\345\214\205\350\256\276\347\275\256\347\225\214\351\235\242.md", ".qoder/repowiki/zh/content/\347\224\250\346\210\267\347\225\214\351\235\242/\345\206\267\351\222\261\345\214\205App\347\225\214\351\235\242/\351\246\226\351\241\265\347\225\214\351\235\242.md", .qoder/repowiki/zh/meta/repowiki-metadata.json, coldwallet-app/lib/screens/README.md, coldwallet-app/lib/screens/home_screen.dart...
[2026-08-19T08:19:12.375Z] source files: 8 (coldwallet-app/lib/screens/home_screen.dart, coldwallet-app/lib/screens/wallet_setup_screen.dart, coldwallet-app/lib/services/adapters/cardano_adapter.dart, coldwallet-app/lib/services/adapters/chain_adapter.dart, coldwallet-app/lib/services/adapters/evm_adapter.dart)
[2026-08-19T08:19:12.376Z] doc files: 2 (coldwallet-app/lib/screens/README.md, coldwallet-app/lib/services/README.md)
[2026-08-19T08:19:12.376Z] pass - has both source and doc changes
[2026-08-19T08:25:58.445Z] --- hook invoked ---
[2026-08-19T08:25:58.447Z] stdin: {"session_id":"75e83d43-c571-4bbf-9990-723732d8d908","request_set_id":"0f53ea8b-60cb-4203-9e7c-679b03ab2ce2","transcript_path":"C:\\Users\\panpan\\.qoder\\projects\\d-code-web3-coldwallet\\transcript\
[2026-08-19T08:25:58.592Z] modifiedFiles: 19 files
[2026-08-19T08:25:58.592Z]   - .qoder/hooks/stop-hook.log, ".qoder/repowiki/zh/content/\346\225\260\346\215\256\346\250\241\345\236\213.md", ".qoder/repowiki/zh/content/\346\240\270\345\277\203\346\234\215\345\212\241/\344\272\244\346\230\223\345\244\204\347\220\206\346\234\215\345\212\241.md", ".qoder/repowiki/zh/content/\346\240\270\345\277\203\346\234\215\345\212\241/\345\214\272\345\235\227\351\223\276\344\272\244\344\272\222\346\234\215\345\212\241.md", ".qoder/repowiki/zh/content/\346\240\270\345\277\203\346\234\215\345\212\241/\351\222\261\345\214\205\347\256\241\347\220\206\346\234\215\345\212\241.md", ".qoder/repowiki/zh/content/\347\224\250\346\210\267\347\225\214\351\235\242/\345\206\267\351\222\261\345\214\205App\347\225\214\351\235\242/\351\222\261\345\214\205\350\256\276\347\275\256\347\225\214\351\235\242.md", ".qoder/repowiki/zh/content/\347\224\250\346\210\267\347\225\214\351\235\242/\345\206\267\351\222\261\345\214\205App\347\225\214\351\235\242/\351\246\226\351\241\265\347\225\214\351\235\242.md", .qoder/repowiki/zh/meta/repowiki-metadata.json, coldwallet-app/lib/screens/README.md, coldwallet-app/lib/screens/home_screen.dart...
[2026-08-19T08:25:58.593Z] source files: 8 (coldwallet-app/lib/screens/home_screen.dart, coldwallet-app/lib/screens/wallet_setup_screen.dart, coldwallet-app/lib/services/adapters/cardano_adapter.dart, coldwallet-app/lib/services/adapters/chain_adapter.dart, coldwallet-app/lib/services/adapters/evm_adapter.dart)
[2026-08-19T08:25:58.594Z] doc files: 2 (coldwallet-app/lib/screens/README.md, coldwallet-app/lib/services/README.md)
[2026-08-19T08:25:58.594Z] pass - has both source and doc changes
[2026-08-19T08:33:16.874Z] --- hook invoked ---
[2026-08-19T08:33:16.876Z] stdin: {"session_id":"642c5f11-c7b3-41ce-80a9-2b464b8bfc85","request_set_id":"5e4e7f77-3ce1-4b1d-bdfd-aec551274c7d","transcript_path":"C:\\Users\\panpan\\.qoder\\projects\\d-code-web3-coldwallet\\transcript\
[2026-08-19T08:33:17.082Z] modifiedFiles: 19 files
[2026-08-19T08:33:17.083Z]   - .qoder/hooks/stop-hook.log, ".qoder/repowiki/zh/content/\346\225\260\346\215\256\346\250\241\345\236\213.md", ".qoder/repowiki/zh/content/\346\240\270\345\277\203\346\234\215\345\212\241/\344\272\244\346\230\223\345\244\204\347\220\206\346\234\215\345\212\241.md", ".qoder/repowiki/zh/content/\346\240\270\345\277\203\346\234\215\345\212\241/\345\214\272\345\235\227\351\223\276\344\272\244\344\272\222\346\234\215\345\212\241.md", ".qoder/repowiki/zh/content/\346\240\270\345\277\203\346\234\215\345\212\241/\351\222\261\345\214\205\347\256\241\347\220\206\346\234\215\345\212\241.md", ".qoder/repowiki/zh/content/\347\224\250\346\210\267\347\225\214\351\235\242/\345\206\267\351\222\261\345\214\205App\347\225\214\351\235\242/\351\222\261\345\214\205\350\256\276\347\275\256\347\225\214\351\235\242.md", ".qoder/repowiki/zh/content/\347\224\250\346\210\267\347\225\214\351\235\242/\345\206\267\351\222\261\345\214\205App\347\225\214\351\235\242/\351\246\226\351\241\265\347\225\214\351\235\242.md", .qoder/repowiki/zh/meta/repowiki-metadata.json, coldwallet-app/lib/screens/README.md, coldwallet-app/lib/screens/home_screen.dart...
[2026-08-19T08:33:17.083Z] source files: 8 (coldwallet-app/lib/screens/home_screen.dart, coldwallet-app/lib/screens/wallet_setup_screen.dart, coldwallet-app/lib/services/adapters/cardano_adapter.dart, coldwallet-app/lib/services/adapters/chain_adapter.dart, coldwallet-app/lib/services/adapters/evm_adapter.dart)
[2026-08-19T08:33:17.084Z] doc files: 2 (coldwallet-app/lib/screens/README.md, coldwallet-app/lib/services/README.md)
[2026-08-19T08:33:17.084Z] pass - has both source and doc changes
[2026-08-19T08:39:34.762Z] --- hook invoked ---
[2026-08-19T08:39:34.765Z] stdin: {"session_id":"642c5f11-c7b3-41ce-80a9-2b464b8bfc85","request_set_id":"45caeadd-b9d7-41ce-a4b0-5fed6eda86c2","transcript_path":"C:\\Users\\panpan\\.qoder\\projects\\d-code-web3-coldwallet\\transcript\
[2026-08-19T08:39:34.927Z] modifiedFiles: 19 files
[2026-08-19T08:39:34.928Z]   - .qoder/hooks/stop-hook.log, ".qoder/repowiki/zh/content/\346\225\260\346\215\256\346\250\241\345\236\213.md", ".qoder/repowiki/zh/content/\346\240\270\345\277\203\346\234\215\345\212\241/\344\272\244\346\230\223\345\244\204\347\220\206\346\234\215\345\212\241.md", ".qoder/repowiki/zh/content/\346\240\270\345\277\203\346\234\215\345\212\241/\345\214\272\345\235\227\351\223\276\344\272\244\344\272\222\346\234\215\345\212\241.md", ".qoder/repowiki/zh/content/\346\240\270\345\277\203\346\234\215\345\212\241/\351\222\261\345\214\205\347\256\241\347\220\206\346\234\215\345\212\241.md", ".qoder/repowiki/zh/content/\347\224\250\346\210\267\347\225\214\351\235\242/\345\206\267\351\222\261\345\214\205App\347\225\214\351\235\242/\351\222\261\345\214\205\350\256\276\347\275\256\347\225\214\351\235\242.md", ".qoder/repowiki/zh/content/\347\224\250\346\210\267\347\225\214\351\235\242/\345\206\267\351\222\261\345\214\205App\347\225\214\351\235\242/\351\246\226\351\241\265\347\225\214\351\235\242.md", .qoder/repowiki/zh/meta/repowiki-metadata.json, coldwallet-app/lib/screens/README.md, coldwallet-app/lib/screens/home_screen.dart...
[2026-08-19T08:39:34.929Z] source files: 8 (coldwallet-app/lib/screens/home_screen.dart, coldwallet-app/lib/screens/wallet_setup_screen.dart, coldwallet-app/lib/services/adapters/cardano_adapter.dart, coldwallet-app/lib/services/adapters/chain_adapter.dart, coldwallet-app/lib/services/adapters/evm_adapter.dart)
[2026-08-19T08:39:34.929Z] doc files: 2 (coldwallet-app/lib/screens/README.md, coldwallet-app/lib/services/README.md)
[2026-08-19T08:39:34.929Z] pass - has both source and doc changes
[2026-08-20T07:39:53.269Z] --- hook invoked ---
[2026-08-20T07:39:53.278Z] stdin: {"session_id":"4bdf2be7-2715-49dc-a1df-7e9f29950259","request_set_id":"2d388a45-43b0-497d-bd61-57429c096648","transcript_path":"C:\\Users\\panpan\\.qoder\\projects\\d-code-web3-coldwallet\\transcript\
[2026-08-20T07:39:53.676Z] modifiedFiles: 19 files
[2026-08-20T07:39:53.676Z]   - .qoder/hooks/stop-hook.log, ".qoder/repowiki/zh/content/\346\225\260\346\215\256\346\250\241\345\236\213.md", ".qoder/repowiki/zh/content/\346\240\270\345\277\203\346\234\215\345\212\241/\344\272\244\346\230\223\345\244\204\347\220\206\346\234\215\345\212\241.md", ".qoder/repowiki/zh/content/\346\240\270\345\277\203\346\234\215\345\212\241/\345\214\272\345\235\227\351\223\276\344\272\244\344\272\222\346\234\215\345\212\241.md", ".qoder/repowiki/zh/content/\346\240\270\345\277\203\346\234\215\345\212\241/\351\222\261\345\214\205\347\256\241\347\220\206\346\234\215\345\212\241.md", ".qoder/repowiki/zh/content/\347\224\250\346\210\267\347\225\214\351\235\242/\345\206\267\351\222\261\345\214\205App\347\225\214\351\235\242/\351\222\261\345\214\205\350\256\276\347\275\256\347\225\214\351\235\242.md", ".qoder/repowiki/zh/content/\347\224\250\346\210\267\347\225\214\351\235\242/\345\206\267\351\222\261\345\214\205App\347\225\214\351\235\242/\351\246\226\351\241\265\347\225\214\351\235\242.md", .qoder/repowiki/zh/meta/repowiki-metadata.json, coldwallet-app/lib/screens/README.md, coldwallet-app/lib/screens/home_screen.dart...
[2026-08-20T07:39:53.676Z] source files: 8 (coldwallet-app/lib/screens/home_screen.dart, coldwallet-app/lib/screens/wallet_setup_screen.dart, coldwallet-app/lib/services/adapters/cardano_adapter.dart, coldwallet-app/lib/services/adapters/chain_adapter.dart, coldwallet-app/lib/services/adapters/evm_adapter.dart)
[2026-08-20T07:39:53.678Z] doc files: 2 (coldwallet-app/lib/screens/README.md, coldwallet-app/lib/services/README.md)
[2026-08-20T07:39:53.678Z] pass - has both source and doc changes
[2026-08-20T07:40:56.720Z] --- hook invoked ---
[2026-08-20T07:40:56.721Z] stdin: {"session_id":"4bdf2be7-2715-49dc-a1df-7e9f29950259","request_set_id":"e29dc4e4-bde5-42f5-b3fb-1beb3ae94642","transcript_path":"C:\\Users\\panpan\\.qoder\\projects\\d-code-web3-coldwallet\\transcript\
[2026-08-20T07:40:56.856Z] modifiedFiles: 19 files
[2026-08-20T07:40:56.857Z]   - .qoder/hooks/stop-hook.log, ".qoder/repowiki/zh/content/\346\225\260\346\215\256\346\250\241\345\236\213.md", ".qoder/repowiki/zh/content/\346\240\270\345\277\203\346\234\215\345\212\241/\344\272\244\346\230\223\345\244\204\347\220\206\346\234\215\345\212\241.md", ".qoder/repowiki/zh/content/\346\240\270\345\277\203\346\234\215\345\212\241/\345\214\272\345\235\227\351\223\276\344\272\244\344\272\222\346\234\215\345\212\241.md", ".qoder/repowiki/zh/content/\346\240\270\345\277\203\346\234\215\345\212\241/\351\222\261\345\214\205\347\256\241\347\220\206\346\234\215\345\212\241.md", ".qoder/repowiki/zh/content/\347\224\250\346\210\267\347\225\214\351\235\242/\345\206\267\351\222\261\345\214\205App\347\225\214\351\235\242/\351\222\261\345\214\205\350\256\276\347\275\256\347\225\214\351\235\242.md", ".qoder/repowiki/zh/content/\347\224\250\346\210\267\347\225\214\351\235\242/\345\206\267\351\222\261\345\214\205App\347\225\214\351\235\242/\351\246\226\351\241\265\347\225\214\351\235\242.md", .qoder/repowiki/zh/meta/repowiki-metadata.json, coldwallet-app/lib/screens/README.md, coldwallet-app/lib/screens/home_screen.dart...
[2026-08-20T07:40:56.857Z] source files: 8 (coldwallet-app/lib/screens/home_screen.dart, coldwallet-app/lib/screens/wallet_setup_screen.dart, coldwallet-app/lib/services/adapters/cardano_adapter.dart, coldwallet-app/lib/services/adapters/chain_adapter.dart, coldwallet-app/lib/services/adapters/evm_adapter.dart)
[2026-08-20T07:40:56.859Z] doc files: 2 (coldwallet-app/lib/screens/README.md, coldwallet-app/lib/services/README.md)
[2026-08-20T07:40:56.860Z] pass - has both source and doc changes
[2026-08-20T07:48:49.970Z] --- hook invoked ---
[2026-08-20T07:48:49.981Z] stdin: {"session_id":"4bdf2be7-2715-49dc-a1df-7e9f29950259","request_set_id":"4d0e7cb7-8072-44d3-928b-94825369ed69","transcript_path":"C:\\Users\\panpan\\.qoder\\projects\\d-code-web3-coldwallet\\transcript\
[2026-08-20T07:48:50.091Z] modifiedFiles: 20 files
[2026-08-20T07:48:50.091Z]   - .qoder/hooks/stop-hook.log, ".qoder/repowiki/zh/content/\346\225\260\346\215\256\346\250\241\345\236\213.md", ".qoder/repowiki/zh/content/\346\240\270\345\277\203\346\234\215\345\212\241/\344\272\244\346\230\223\345\244\204\347\220\206\346\234\215\345\212\241.md", ".qoder/repowiki/zh/content/\346\240\270\345\277\203\346\234\215\345\212\241/\345\214\272\345\235\227\351\223\276\344\272\244\344\272\222\346\234\215\345\212\241.md", ".qoder/repowiki/zh/content/\346\240\270\345\277\203\346\234\215\345\212\241/\351\222\261\345\214\205\347\256\241\347\220\206\346\234\215\345\212\241.md", ".qoder/repowiki/zh/content/\347\224\250\346\210\267\347\225\214\351\235\242/\345\206\267\351\222\261\345\214\205App\347\225\214\351\235\242/\351\222\261\345\214\205\350\256\276\347\275\256\347\225\214\351\235\242.md", ".qoder/repowiki/zh/content/\347\224\250\346\210\267\347\225\214\351\235\242/\345\206\267\351\222\261\345\214\205App\347\225\214\351\235\242/\351\246\226\351\241\265\347\225\214\351\235\242.md", .qoder/repowiki/zh/meta/repowiki-metadata.json, AGENTS.md, coldwallet-app/lib/screens/README.md...
[2026-08-20T07:48:50.092Z] source files: 8 (coldwallet-app/lib/screens/home_screen.dart, coldwallet-app/lib/screens/wallet_setup_screen.dart, coldwallet-app/lib/services/adapters/cardano_adapter.dart, coldwallet-app/lib/services/adapters/chain_adapter.dart, coldwallet-app/lib/services/adapters/evm_adapter.dart)
[2026-08-20T07:48:50.092Z] doc files: 2 (coldwallet-app/lib/screens/README.md, coldwallet-app/lib/services/README.md)
[2026-08-20T07:48:50.093Z] pass - has both source and doc changes
[2026-08-20T07:53:44.619Z] --- hook invoked ---
[2026-08-20T07:53:44.620Z] stdin: {"session_id":"4bdf2be7-2715-49dc-a1df-7e9f29950259","request_set_id":"bcbea562-4353-4613-abab-d87f0c64f83e","transcript_path":"C:\\Users\\panpan\\.qoder\\projects\\d-code-web3-coldwallet\\transcript\
[2026-08-20T07:53:44.716Z] modifiedFiles: 20 files
[2026-08-20T07:53:44.716Z]   - .qoder/hooks/stop-hook.log, ".qoder/repowiki/zh/content/\346\225\260\346\215\256\346\250\241\345\236\213.md", ".qoder/repowiki/zh/content/\346\240\270\345\277\203\346\234\215\345\212\241/\344\272\244\346\230\223\345\244\204\347\220\206\346\234\215\345\212\241.md", ".qoder/repowiki/zh/content/\346\240\270\345\277\203\346\234\215\345\212\241/\345\214\272\345\235\227\351\223\276\344\272\244\344\272\222\346\234\215\345\212\241.md", ".qoder/repowiki/zh/content/\346\240\270\345\277\203\346\234\215\345\212\241/\351\222\261\345\214\205\347\256\241\347\220\206\346\234\215\345\212\241.md", ".qoder/repowiki/zh/content/\347\224\250\346\210\267\347\225\214\351\235\242/\345\206\267\351\222\261\345\214\205App\347\225\214\351\235\242/\351\222\261\345\214\205\350\256\276\347\275\256\347\225\214\351\235\242.md", ".qoder/repowiki/zh/content/\347\224\250\346\210\267\347\225\214\351\235\242/\345\206\267\351\222\261\345\214\205App\347\225\214\351\235\242/\351\246\226\351\241\265\347\225\214\351\235\242.md", .qoder/repowiki/zh/meta/repowiki-metadata.json, AGENTS.md, coldwallet-app/lib/screens/README.md...
[2026-08-20T07:53:44.716Z] source files: 8 (coldwallet-app/lib/screens/home_screen.dart, coldwallet-app/lib/screens/wallet_setup_screen.dart, coldwallet-app/lib/services/adapters/cardano_adapter.dart, coldwallet-app/lib/services/adapters/chain_adapter.dart, coldwallet-app/lib/services/adapters/evm_adapter.dart)
[2026-08-20T07:53:44.718Z] doc files: 2 (coldwallet-app/lib/screens/README.md, coldwallet-app/lib/services/README.md)
[2026-08-20T07:53:44.718Z] pass - has both source and doc changes
[2026-08-20T08:00:55.591Z] --- hook invoked ---
[2026-08-20T08:00:55.593Z] stdin: {"session_id":"4bdf2be7-2715-49dc-a1df-7e9f29950259","request_set_id":"2068ffc4-37be-486d-abc5-2bb3eebb5be4","transcript_path":"C:\\Users\\panpan\\.qoder\\projects\\d-code-web3-coldwallet\\transcript\
[2026-08-20T08:00:55.805Z] modifiedFiles: 20 files
[2026-08-20T08:00:55.806Z]   - .qoder/hooks/stop-hook.log, ".qoder/repowiki/zh/content/\346\225\260\346\215\256\346\250\241\345\236\213.md", ".qoder/repowiki/zh/content/\346\240\270\345\277\203\346\234\215\345\212\241/\344\272\244\346\230\223\345\244\204\347\220\206\346\234\215\345\212\241.md", ".qoder/repowiki/zh/content/\346\240\270\345\277\203\346\234\215\345\212\241/\345\214\272\345\235\227\351\223\276\344\272\244\344\272\222\346\234\215\345\212\241.md", ".qoder/repowiki/zh/content/\346\240\270\345\277\203\346\234\215\345\212\241/\351\222\261\345\214\205\347\256\241\347\220\206\346\234\215\345\212\241.md", ".qoder/repowiki/zh/content/\347\224\250\346\210\267\347\225\214\351\235\242/\345\206\267\351\222\261\345\214\205App\347\225\214\351\235\242/\351\222\261\345\214\205\350\256\276\347\275\256\347\225\214\351\235\242.md", ".qoder/repowiki/zh/content/\347\224\250\346\210\267\347\225\214\351\235\242/\345\206\267\351\222\261\345\214\205App\347\225\214\351\235\242/\351\246\226\351\241\265\347\225\214\351\235\242.md", .qoder/repowiki/zh/meta/repowiki-metadata.json, AGENTS.md, coldwallet-app/lib/screens/README.md...
[2026-08-20T08:00:55.807Z] source files: 8 (coldwallet-app/lib/screens/home_screen.dart, coldwallet-app/lib/screens/wallet_setup_screen.dart, coldwallet-app/lib/services/adapters/cardano_adapter.dart, coldwallet-app/lib/services/adapters/chain_adapter.dart, coldwallet-app/lib/services/adapters/evm_adapter.dart)
[2026-08-20T08:00:55.808Z] doc files: 2 (coldwallet-app/lib/screens/README.md, coldwallet-app/lib/services/README.md)
[2026-08-20T08:00:55.809Z] pass - has both source and doc changes
[2026-08-20T08:02:31.669Z] --- hook invoked ---
[2026-08-20T08:02:31.671Z] stdin: {"session_id":"4bdf2be7-2715-49dc-a1df-7e9f29950259","request_set_id":"5ceb1f96-35bf-443e-886f-50b359357987","transcript_path":"C:\\Users\\panpan\\.qoder\\projects\\d-code-web3-coldwallet\\transcript\
[2026-08-20T08:02:31.780Z] modifiedFiles: 20 files
[2026-08-20T08:02:31.780Z]   - .qoder/hooks/stop-hook.log, ".qoder/repowiki/zh/content/\346\225\260\346\215\256\346\250\241\345\236\213.md", ".qoder/repowiki/zh/content/\346\240\270\345\277\203\346\234\215\345\212\241/\344\272\244\346\230\223\345\244\204\347\220\206\346\234\215\345\212\241.md", ".qoder/repowiki/zh/content/\346\240\270\345\277\203\346\234\215\345\212\241/\345\214\272\345\235\227\351\223\276\344\272\244\344\272\222\346\234\215\345\212\241.md", ".qoder/repowiki/zh/content/\346\240\270\345\277\203\346\234\215\345\212\241/\351\222\261\345\214\205\347\256\241\347\220\206\346\234\215\345\212\241.md", ".qoder/repowiki/zh/content/\347\224\250\346\210\267\347\225\214\351\235\242/\345\206\267\351\222\261\345\214\205App\347\225\214\351\235\242/\351\222\261\345\214\205\350\256\276\347\275\256\347\225\214\351\235\242.md", ".qoder/repowiki/zh/content/\347\224\250\346\210\267\347\225\214\351\235\242/\345\206\267\351\222\261\345\214\205App\347\225\214\351\235\242/\351\246\226\351\241\265\347\225\214\351\235\242.md", .qoder/repowiki/zh/meta/repowiki-metadata.json, AGENTS.md, coldwallet-app/lib/screens/README.md...
[2026-08-20T08:02:31.780Z] source files: 8 (coldwallet-app/lib/screens/home_screen.dart, coldwallet-app/lib/screens/wallet_setup_screen.dart, coldwallet-app/lib/services/adapters/cardano_adapter.dart, coldwallet-app/lib/services/adapters/chain_adapter.dart, coldwallet-app/lib/services/adapters/evm_adapter.dart)
[2026-08-20T08:02:31.782Z] doc files: 2 (coldwallet-app/lib/screens/README.md, coldwallet-app/lib/services/README.md)
[2026-08-20T08:02:31.783Z] pass - has both source and doc changes
[2026-08-20T08:03:33.330Z] --- hook invoked ---
[2026-08-20T08:03:33.331Z] stdin: {"session_id":"4bdf2be7-2715-49dc-a1df-7e9f29950259","request_set_id":"dee4c2d6-655a-41b8-bc82-f0429a8fc256","transcript_path":"C:\\Users\\panpan\\.qoder\\projects\\d-code-web3-coldwallet\\transcript\
[2026-08-20T08:03:33.467Z] modifiedFiles: 20 files
[2026-08-20T08:03:33.467Z]   - .qoder/hooks/stop-hook.log, ".qoder/repowiki/zh/content/\346\225\260\346\215\256\346\250\241\345\236\213.md", ".qoder/repowiki/zh/content/\346\240\270\345\277\203\346\234\215\345\212\241/\344\272\244\346\230\223\345\244\204\347\220\206\346\234\215\345\212\241.md", ".qoder/repowiki/zh/content/\346\240\270\345\277\203\346\234\215\345\212\241/\345\214\272\345\235\227\351\223\276\344\272\244\344\272\222\346\234\215\345\212\241.md", ".qoder/repowiki/zh/content/\346\240\270\345\277\203\346\234\215\345\212\241/\351\222\261\345\214\205\347\256\241\347\220\206\346\234\215\345\212\241.md", ".qoder/repowiki/zh/content/\347\224\250\346\210\267\347\225\214\351\235\242/\345\206\267\351\222\261\345\214\205App\347\225\214\351\235\242/\351\222\261\345\214\205\350\256\276\347\275\256\347\225\214\351\235\242.md", ".qoder/repowiki/zh/content/\347\224\250\346\210\267\347\225\214\351\235\242/\345\206\267\351\222\261\345\214\205App\347\225\214\351\235\242/\351\246\226\351\241\265\347\225\214\351\235\242.md", .qoder/repowiki/zh/meta/repowiki-metadata.json, AGENTS.md, coldwallet-app/lib/screens/README.md...
[2026-08-20T08:03:33.468Z] source files: 8 (coldwallet-app/lib/screens/home_screen.dart, coldwallet-app/lib/screens/wallet_setup_screen.dart, coldwallet-app/lib/services/adapters/cardano_adapter.dart, coldwallet-app/lib/services/adapters/chain_adapter.dart, coldwallet-app/lib/services/adapters/evm_adapter.dart)
[2026-08-20T08:03:33.470Z] doc files: 2 (coldwallet-app/lib/screens/README.md, coldwallet-app/lib/services/README.md)
[2026-08-20T08:03:33.470Z] pass - has both source and doc changes
[2026-08-20T08:04:07.252Z] --- hook invoked ---
[2026-08-20T08:04:07.253Z] stdin: {"session_id":"4bdf2be7-2715-49dc-a1df-7e9f29950259","request_set_id":"ce30fad9-129b-4484-b8d3-6afb233c5f91","transcript_path":"C:\\Users\\panpan\\.qoder\\projects\\d-code-web3-coldwallet\\transcript\
[2026-08-20T08:04:07.364Z] modifiedFiles: 20 files
[2026-08-20T08:04:07.364Z]   - .qoder/hooks/stop-hook.log, ".qoder/repowiki/zh/content/\346\225\260\346\215\256\346\250\241\345\236\213.md", ".qoder/repowiki/zh/content/\346\240\270\345\277\203\346\234\215\345\212\241/\344\272\244\346\230\223\345\244\204\347\220\206\346\234\215\345\212\241.md", ".qoder/repowiki/zh/content/\346\240\270\345\277\203\346\234\215\345\212\241/\345\214\272\345\235\227\351\223\276\344\272\244\344\272\222\346\234\215\345\212\241.md", ".qoder/repowiki/zh/content/\346\240\270\345\277\203\346\234\215\345\212\241/\351\222\261\345\214\205\347\256\241\347\220\206\346\234\215\345\212\241.md", ".qoder/repowiki/zh/content/\347\224\250\346\210\267\347\225\214\351\235\242/\345\206\267\351\222\261\345\214\205App\347\225\214\351\235\242/\351\222\261\345\214\205\350\256\276\347\275\256\347\225\214\351\235\242.md", ".qoder/repowiki/zh/content/\347\224\250\346\210\267\347\225\214\351\235\242/\345\206\267\351\222\261\345\214\205App\347\225\214\351\235\242/\351\246\226\351\241\265\347\225\214\351\235\242.md", .qoder/repowiki/zh/meta/repowiki-metadata.json, AGENTS.md, coldwallet-app/lib/screens/README.md...
[2026-08-20T08:04:07.365Z] source files: 8 (coldwallet-app/lib/screens/home_screen.dart, coldwallet-app/lib/screens/wallet_setup_screen.dart, coldwallet-app/lib/services/adapters/cardano_adapter.dart, coldwallet-app/lib/services/adapters/chain_adapter.dart, coldwallet-app/lib/services/adapters/evm_adapter.dart)
[2026-08-20T08:04:07.365Z] doc files: 2 (coldwallet-app/lib/screens/README.md, coldwallet-app/lib/services/README.md)
[2026-08-20T08:04:07.366Z] pass - has both source and doc changes
[2026-08-20T08:05:35.683Z] --- hook invoked ---
[2026-08-20T08:05:35.684Z] stdin: {"session_id":"4bdf2be7-2715-49dc-a1df-7e9f29950259","request_set_id":"40147e96-9c3c-49d6-9175-32f314842e2a","transcript_path":"C:\\Users\\panpan\\.qoder\\projects\\d-code-web3-coldwallet\\transcript\
[2026-08-20T08:05:35.794Z] modifiedFiles: 20 files
[2026-08-20T08:05:35.795Z]   - .qoder/hooks/stop-hook.log, ".qoder/repowiki/zh/content/\346\225\260\346\215\256\346\250\241\345\236\213.md", ".qoder/repowiki/zh/content/\346\240\270\345\277\203\346\234\215\345\212\241/\344\272\244\346\230\223\345\244\204\347\220\206\346\234\215\345\212\241.md", ".qoder/repowiki/zh/content/\346\240\270\345\277\203\346\234\215\345\212\241/\345\214\272\345\235\227\351\223\276\344\272\244\344\272\222\346\234\215\345\212\241.md", ".qoder/repowiki/zh/content/\346\240\270\345\277\203\346\234\215\345\212\241/\351\222\261\345\214\205\347\256\241\347\220\206\346\234\215\345\212\241.md", ".qoder/repowiki/zh/content/\347\224\250\346\210\267\347\225\214\351\235\242/\345\206\267\351\222\261\345\214\205App\347\225\214\351\235\242/\351\222\261\345\214\205\350\256\276\347\275\256\347\225\214\351\235\242.md", ".qoder/repowiki/zh/content/\347\224\250\346\210\267\347\225\214\351\235\242/\345\206\267\351\222\261\345\214\205App\347\225\214\351\235\242/\351\246\226\351\241\265\347\225\214\351\235\242.md", .qoder/repowiki/zh/meta/repowiki-metadata.json, AGENTS.md, coldwallet-app/lib/screens/README.md...
[2026-08-20T08:05:35.795Z] source files: 8 (coldwallet-app/lib/screens/home_screen.dart, coldwallet-app/lib/screens/wallet_setup_screen.dart, coldwallet-app/lib/services/adapters/cardano_adapter.dart, coldwallet-app/lib/services/adapters/chain_adapter.dart, coldwallet-app/lib/services/adapters/evm_adapter.dart)
[2026-08-20T08:05:35.797Z] doc files: 2 (coldwallet-app/lib/screens/README.md, coldwallet-app/lib/services/README.md)
[2026-08-20T08:05:35.798Z] pass - has both source and doc changes
[2026-08-20T08:07:08.360Z] --- hook invoked ---
[2026-08-20T08:07:08.362Z] stdin: {"session_id":"4bdf2be7-2715-49dc-a1df-7e9f29950259","request_set_id":"e3dbbbf6-07f2-4281-873b-219bbe82057e","transcript_path":"C:\\Users\\panpan\\.qoder\\projects\\d-code-web3-coldwallet\\transcript\
[2026-08-20T08:07:08.471Z] modifiedFiles: 20 files
[2026-08-20T08:07:08.472Z]   - .qoder/hooks/stop-hook.log, ".qoder/repowiki/zh/content/\346\225\260\346\215\256\346\250\241\345\236\213.md", ".qoder/repowiki/zh/content/\346\240\270\345\277\203\346\234\215\345\212\241/\344\272\244\346\230\223\345\244\204\347\220\206\346\234\215\345\212\241.md", ".qoder/repowiki/zh/content/\346\240\270\345\277\203\346\234\215\345\212\241/\345\214\272\345\235\227\351\223\276\344\272\244\344\272\222\346\234\215\345\212\241.md", ".qoder/repowiki/zh/content/\346\240\270\345\277\203\346\234\215\345\212\241/\351\222\261\345\214\205\347\256\241\347\220\206\346\234\215\345\212\241.md", ".qoder/repowiki/zh/content/\347\224\250\346\210\267\347\225\214\351\235\242/\345\206\267\351\222\261\345\214\205App\347\225\214\351\235\242/\351\222\261\345\214\205\350\256\276\347\275\256\347\225\214\351\235\242.md", ".qoder/repowiki/zh/content/\347\224\250\346\210\267\347\225\214\351\235\242/\345\206\267\351\222\261\345\214\205App\347\225\214\351\235\242/\351\246\226\351\241\265\347\225\214\351\235\242.md", .qoder/repowiki/zh/meta/repowiki-metadata.json, AGENTS.md, coldwallet-app/lib/screens/README.md...
[2026-08-20T08:07:08.472Z] source files: 8 (coldwallet-app/lib/screens/home_screen.dart, coldwallet-app/lib/screens/wallet_setup_screen.dart, coldwallet-app/lib/services/adapters/cardano_adapter.dart, coldwallet-app/lib/services/adapters/chain_adapter.dart, coldwallet-app/lib/services/adapters/evm_adapter.dart)
[2026-08-20T08:07:08.472Z] doc files: 2 (coldwallet-app/lib/screens/README.md, coldwallet-app/lib/services/README.md)
[2026-08-20T08:07:08.472Z] pass - has both source and doc changes
[2026-08-20T08:21:33.022Z] --- hook invoked ---
[2026-08-20T08:21:33.025Z] stdin: {"session_id":"4bdf2be7-2715-49dc-a1df-7e9f29950259","request_set_id":"69986fe7-96a7-4fa9-b3d4-0969019abcc3","transcript_path":"C:\\Users\\panpan\\.qoder\\projects\\d-code-web3-coldwallet\\transcript\
[2026-08-20T08:21:33.232Z] modifiedFiles: 31 files
[2026-08-20T08:21:33.232Z]   - .qoder/hooks/stop-hook.log, ".qoder/repowiki/zh/content/\346\225\260\346\215\256\346\250\241\345\236\213.md", ".qoder/repowiki/zh/content/\346\240\270\345\277\203\346\234\215\345\212\241/\344\272\244\346\230\223\345\244\204\347\220\206\346\234\215\345\212\241.md", ".qoder/repowiki/zh/content/\346\240\270\345\277\203\346\234\215\345\212\241/\345\214\272\345\235\227\351\223\276\344\272\244\344\272\222\346\234\215\345\212\241.md", ".qoder/repowiki/zh/content/\346\240\270\345\277\203\346\234\215\345\212\241/\351\222\261\345\214\205\347\256\241\347\220\206\346\234\215\345\212\241.md", ".qoder/repowiki/zh/content/\347\224\250\346\210\267\347\225\214\351\235\242/\345\206\267\351\222\261\345\214\205App\347\225\214\351\235\242/\351\222\261\345\214\205\350\256\276\347\275\256\347\225\214\351\235\242.md", ".qoder/repowiki/zh/content/\347\224\250\346\210\267\347\225\214\351\235\242/\345\206\267\351\222\261\345\214\205App\347\225\214\351\235\242/\351\246\226\351\241\265\347\225\214\351\235\242.md", .qoder/repowiki/zh/meta/repowiki-metadata.json, AGENTS.md, coldwallet-app/lib/screens/README.md...
[2026-08-20T08:21:33.233Z] source files: 14 (coldwallet-app/lib/screens/home_screen.dart, coldwallet-app/lib/screens/tx_detail_screen.dart, coldwallet-app/lib/screens/wallet_setup_screen.dart, coldwallet-app/lib/services/adapters/cardano_adapter.dart, coldwallet-app/lib/services/adapters/chain_adapter.dart)
[2026-08-20T08:21:33.234Z] doc files: 2 (coldwallet-app/lib/screens/README.md, coldwallet-app/lib/services/README.md)
[2026-08-20T08:21:33.234Z] pass - has both source and doc changes
[2026-08-20T08:22:58.707Z] --- hook invoked ---
[2026-08-20T08:22:58.710Z] stdin: {"session_id":"4bdf2be7-2715-49dc-a1df-7e9f29950259","request_set_id":"33300c85-57d3-4ed4-9a54-884ebbe46ce9","transcript_path":"C:\\Users\\panpan\\.qoder\\projects\\d-code-web3-coldwallet\\transcript\
[2026-08-20T08:22:58.984Z] modifiedFiles: 31 files
[2026-08-20T08:22:58.985Z]   - .qoder/hooks/stop-hook.log, ".qoder/repowiki/zh/content/\346\225\260\346\215\256\346\250\241\345\236\213.md", ".qoder/repowiki/zh/content/\346\240\270\345\277\203\346\234\215\345\212\241/\344\272\244\346\230\223\345\244\204\347\220\206\346\234\215\345\212\241.md", ".qoder/repowiki/zh/content/\346\240\270\345\277\203\346\234\215\345\212\241/\345\214\272\345\235\227\351\223\276\344\272\244\344\272\222\346\234\215\345\212\241.md", ".qoder/repowiki/zh/content/\346\240\270\345\277\203\346\234\215\345\212\241/\351\222\261\345\214\205\347\256\241\347\220\206\346\234\215\345\212\241.md", ".qoder/repowiki/zh/content/\347\224\250\346\210\267\347\225\214\351\235\242/\345\206\267\351\222\261\345\214\205App\347\225\214\351\235\242/\351\222\261\345\214\205\350\256\276\347\275\256\347\225\214\351\235\242.md", ".qoder/repowiki/zh/content/\347\224\250\346\210\267\347\225\214\351\235\242/\345\206\267\351\222\261\345\214\205App\347\225\214\351\235\242/\351\246\226\351\241\265\347\225\214\351\235\242.md", .qoder/repowiki/zh/meta/repowiki-metadata.json, AGENTS.md, coldwallet-app/lib/screens/README.md...
[2026-08-20T08:22:58.987Z] source files: 14 (coldwallet-app/lib/screens/home_screen.dart, coldwallet-app/lib/screens/tx_detail_screen.dart, coldwallet-app/lib/screens/wallet_setup_screen.dart, coldwallet-app/lib/services/adapters/cardano_adapter.dart, coldwallet-app/lib/services/adapters/chain_adapter.dart)
[2026-08-20T08:22:58.988Z] doc files: 2 (coldwallet-app/lib/screens/README.md, coldwallet-app/lib/services/README.md)
[2026-08-20T08:22:58.988Z] pass - has both source and doc changes
[2026-08-20T08:25:14.352Z] --- hook invoked ---
[2026-08-20T08:25:14.361Z] stdin: {"session_id":"4bdf2be7-2715-49dc-a1df-7e9f29950259","request_set_id":"967a9c72-4389-465e-88be-6d068b9b51b1","transcript_path":"C:\\Users\\panpan\\.qoder\\projects\\d-code-web3-coldwallet\\transcript\
[2026-08-20T08:25:14.550Z] modifiedFiles: 31 files
[2026-08-20T08:25:14.551Z]   - .qoder/hooks/stop-hook.log, ".qoder/repowiki/zh/content/\346\225\260\346\215\256\346\250\241\345\236\213.md", ".qoder/repowiki/zh/content/\346\240\270\345\277\203\346\234\215\345\212\241/\344\272\244\346\230\223\345\244\204\347\220\206\346\234\215\345\212\241.md", ".qoder/repowiki/zh/content/\346\240\270\345\277\203\346\234\215\345\212\241/\345\214\272\345\235\227\351\223\276\344\272\244\344\272\222\346\234\215\345\212\241.md", ".qoder/repowiki/zh/content/\346\240\270\345\277\203\346\234\215\345\212\241/\351\222\261\345\214\205\347\256\241\347\220\206\346\234\215\345\212\241.md", ".qoder/repowiki/zh/content/\347\224\250\346\210\267\347\225\214\351\235\242/\345\206\267\351\222\261\345\214\205App\347\225\214\351\235\242/\351\222\261\345\214\205\350\256\276\347\275\256\347\225\214\351\235\242.md", ".qoder/repowiki/zh/content/\347\224\250\346\210\267\347\225\214\351\235\242/\345\206\267\351\222\261\345\214\205App\347\225\214\351\235\242/\351\246\226\351\241\265\347\225\214\351\235\242.md", .qoder/repowiki/zh/meta/repowiki-metadata.json, AGENTS.md, coldwallet-app/lib/screens/README.md...
[2026-08-20T08:25:14.552Z] source files: 14 (coldwallet-app/lib/screens/home_screen.dart, coldwallet-app/lib/screens/tx_detail_screen.dart, coldwallet-app/lib/screens/wallet_setup_screen.dart, coldwallet-app/lib/services/adapters/cardano_adapter.dart, coldwallet-app/lib/services/adapters/chain_adapter.dart)
[2026-08-20T08:25:14.553Z] doc files: 2 (coldwallet-app/lib/screens/README.md, coldwallet-app/lib/services/README.md)
[2026-08-20T08:25:14.554Z] pass - has both source and doc changes
[2026-08-20T08:25:57.320Z] --- hook invoked ---
[2026-08-20T08:25:57.322Z] stdin: {"session_id":"4bdf2be7-2715-49dc-a1df-7e9f29950259","request_set_id":"5eaaf598-975f-4285-8ea0-7b17a15cd05e","transcript_path":"C:\\Users\\panpan\\.qoder\\projects\\d-code-web3-coldwallet\\transcript\
[2026-08-20T08:25:57.470Z] modifiedFiles: 31 files
[2026-08-20T08:25:57.470Z]   - .qoder/hooks/stop-hook.log, ".qoder/repowiki/zh/content/\346\225\260\346\215\256\346\250\241\345\236\213.md", ".qoder/repowiki/zh/content/\346\240\270\345\277\203\346\234\215\345\212\241/\344\272\244\346\230\223\345\244\204\347\220\206\346\234\215\345\212\241.md", ".qoder/repowiki/zh/content/\346\240\270\345\277\203\346\234\215\345\212\241/\345\214\272\345\235\227\351\223\276\344\272\244\344\272\222\346\234\215\345\212\241.md", ".qoder/repowiki/zh/content/\346\240\270\345\277\203\346\234\215\345\212\241/\351\222\261\345\214\205\347\256\241\347\220\206\346\234\215\345\212\241.md", ".qoder/repowiki/zh/content/\347\224\250\346\210\267\347\225\214\351\235\242/\345\206\267\351\222\261\345\214\205App\347\225\214\351\235\242/\351\222\261\345\214\205\350\256\276\347\275\256\347\225\214\351\235\242.md", ".qoder/repowiki/zh/content/\347\224\250\346\210\267\347\225\214\351\235\242/\345\206\267\351\222\261\345\214\205App\347\225\214\351\235\242/\351\246\226\351\241\265\347\225\214\351\235\242.md", .qoder/repowiki/zh/meta/repowiki-metadata.json, AGENTS.md, coldwallet-app/lib/screens/README.md...
[2026-08-20T08:25:57.471Z] source files: 14 (coldwallet-app/lib/screens/home_screen.dart, coldwallet-app/lib/screens/tx_detail_screen.dart, coldwallet-app/lib/screens/wallet_setup_screen.dart, coldwallet-app/lib/services/adapters/cardano_adapter.dart, coldwallet-app/lib/services/adapters/chain_adapter.dart)
[2026-08-20T08:25:57.473Z] doc files: 2 (coldwallet-app/lib/screens/README.md, coldwallet-app/lib/services/README.md)
[2026-08-20T08:25:57.473Z] pass - has both source and doc changes
[2026-08-20T08:27:41.901Z] --- hook invoked ---
[2026-08-20T08:27:41.906Z] stdin: {"session_id":"4bdf2be7-2715-49dc-a1df-7e9f29950259","request_set_id":"4bfbb0c2-0575-450b-9062-5b275a8476a7","transcript_path":"C:\\Users\\panpan\\.qoder\\projects\\d-code-web3-coldwallet\\transcript\
[2026-08-20T08:27:42.032Z] modifiedFiles: 1 files
[2026-08-20T08:27:42.033Z]   - .qoder/hooks/stop-hook.log
[2026-08-20T08:27:42.033Z] pass - no source file changes
[2026-08-20T08:28:21.309Z] --- hook invoked ---
[2026-08-20T08:28:21.312Z] stdin: {"session_id":"4bdf2be7-2715-49dc-a1df-7e9f29950259","request_set_id":"1ca0db52-7e4d-49ea-a978-7a0101f46935","transcript_path":"C:\\Users\\panpan\\.qoder\\projects\\d-code-web3-coldwallet\\transcript\
[2026-08-20T08:28:21.426Z] modifiedFiles: 1 files
[2026-08-20T08:28:21.427Z]   - .qoder/hooks/stop-hook.log
[2026-08-20T08:28:21.427Z] pass - no source file changes
[2026-08-20T08:33:28.225Z] --- hook invoked ---
[2026-08-20T08:33:28.227Z] stdin: {"session_id":"4bdf2be7-2715-49dc-a1df-7e9f29950259","request_set_id":"c9818cfb-b779-42aa-b8b6-884f17221ba5","transcript_path":"C:\\Users\\panpan\\.qoder\\projects\\d-code-web3-coldwallet\\transcript\
[2026-08-20T08:33:28.345Z] modifiedFiles: 1 files
[2026-08-20T08:33:28.345Z]   - .qoder/hooks/stop-hook.log
[2026-08-20T08:33:28.345Z] pass - no source file changes
[2026-08-20T08:41:23.060Z] --- hook invoked ---
[2026-08-20T08:41:23.062Z] stdin: {"session_id":"c1b25748-8252-437d-a17a-a7ed04d40052","request_set_id":"cd4566a2-7d5f-4346-9d5e-72f8fc33be83","transcript_path":"C:\\Users\\panpan\\.qoder\\projects\\d-code-web3-coldwallet\\transcript\
[2026-08-20T08:41:23.183Z] modifiedFiles: 3 files
[2026-08-20T08:41:23.184Z]   - .qoder/hooks/stop-hook.log, coldwallet-app/lib/screens/README.md, coldwallet-app/lib/screens/home_screen.dart
[2026-08-20T08:41:23.184Z] source files: 1 (coldwallet-app/lib/screens/home_screen.dart)
[2026-08-20T08:41:23.186Z] doc files: 1 (coldwallet-app/lib/screens/README.md)
[2026-08-20T08:41:23.186Z] pass - has both source and doc changes
[2026-08-20T08:46:32.452Z] --- hook invoked ---
[2026-08-20T08:46:32.454Z] stdin: {"session_id":"c1b25748-8252-437d-a17a-a7ed04d40052","request_set_id":"74e073c2-68f7-412d-a908-ec93faf44c5f","transcript_path":"C:\\Users\\panpan\\.qoder\\projects\\d-code-web3-coldwallet\\transcript\
[2026-08-20T08:46:32.575Z] modifiedFiles: 3 files
[2026-08-20T08:46:32.576Z]   - .qoder/hooks/stop-hook.log, coldwallet-app/lib/screens/README.md, coldwallet-app/lib/screens/home_screen.dart
[2026-08-20T08:46:32.576Z] source files: 1 (coldwallet-app/lib/screens/home_screen.dart)
[2026-08-20T08:46:32.576Z] doc files: 1 (coldwallet-app/lib/screens/README.md)
[2026-08-20T08:46:32.577Z] pass - has both source and doc changes
[2026-08-20T08:51:23.043Z] --- hook invoked ---
[2026-08-20T08:51:23.044Z] stdin: {"session_id":"c1b25748-8252-437d-a17a-a7ed04d40052","request_set_id":"e3de62c9-fa1b-413e-b974-1e99bcde2d1e","transcript_path":"C:\\Users\\panpan\\.qoder\\projects\\d-code-web3-coldwallet\\transcript\
[2026-08-20T08:51:23.136Z] modifiedFiles: 6 files
[2026-08-20T08:51:23.136Z]   - .qoder/hooks/stop-hook.log, coldwallet-app/lib/screens/README.md, coldwallet-app/lib/screens/home_screen.dart, coldwallet-watch/lib/widgets/README.md, coldwallet-watch/pubspec.lock, coldwallet-watch/pubspec.yaml
[2026-08-20T08:51:23.137Z] source files: 1 (coldwallet-app/lib/screens/home_screen.dart)
[2026-08-20T08:51:23.137Z] doc files: 2 (coldwallet-app/lib/screens/README.md, coldwallet-watch/lib/widgets/README.md)
[2026-08-20T08:51:23.137Z] pass - has both source and doc changes
[2026-08-20T09:08:13.146Z] --- hook invoked ---
[2026-08-20T09:08:13.149Z] stdin: {"session_id":"c1b25748-8252-437d-a17a-a7ed04d40052","request_set_id":"158b744c-2895-4086-837b-7052c8da4e8e","transcript_path":"C:\\Users\\panpan\\.qoder\\projects\\d-code-web3-coldwallet\\transcript\
[2026-08-20T09:08:13.267Z] modifiedFiles: 14 files
[2026-08-20T09:08:13.267Z]   - .qoder/hooks/stop-hook.log, coldwallet-app/lib/screens/README.md, coldwallet-app/lib/screens/home_screen.dart, coldwallet-watch/lib/models/README.md, coldwallet-watch/lib/models/watch_wallet.dart, coldwallet-watch/lib/screens/README.md, coldwallet-watch/lib/screens/add_wallet_screen.dart, coldwallet-watch/lib/screens/home_screen.dart, coldwallet-watch/lib/services/README.md, coldwallet-watch/lib/services/wallet_service.dart...
[2026-08-20T09:08:13.268Z] source files: 5 (coldwallet-app/lib/screens/home_screen.dart, coldwallet-watch/lib/models/watch_wallet.dart, coldwallet-watch/lib/screens/add_wallet_screen.dart, coldwallet-watch/lib/screens/home_screen.dart, coldwallet-watch/lib/services/wallet_service.dart)
[2026-08-20T09:08:13.269Z] doc files: 5 (coldwallet-app/lib/screens/README.md, coldwallet-watch/lib/models/README.md, coldwallet-watch/lib/screens/README.md, coldwallet-watch/lib/services/README.md, coldwallet-watch/lib/widgets/README.md)
[2026-08-20T09:08:13.270Z] pass - has both source and doc changes
[2026-08-20T09:10:13.627Z] --- hook invoked ---
[2026-08-20T09:10:13.629Z] stdin: {"session_id":"c1b25748-8252-437d-a17a-a7ed04d40052","request_set_id":"f4ec4e2e-4ce2-453a-997e-64f5a5b1f7e9","transcript_path":"C:\\Users\\panpan\\.qoder\\projects\\d-code-web3-coldwallet\\transcript\
[2026-08-20T09:10:13.761Z] modifiedFiles: 14 files
[2026-08-20T09:10:13.761Z]   - .qoder/hooks/stop-hook.log, coldwallet-app/lib/screens/README.md, coldwallet-app/lib/screens/home_screen.dart, coldwallet-watch/lib/models/README.md, coldwallet-watch/lib/models/watch_wallet.dart, coldwallet-watch/lib/screens/README.md, coldwallet-watch/lib/screens/add_wallet_screen.dart, coldwallet-watch/lib/screens/home_screen.dart, coldwallet-watch/lib/services/README.md, coldwallet-watch/lib/services/wallet_service.dart...
[2026-08-20T09:10:13.761Z] source files: 5 (coldwallet-app/lib/screens/home_screen.dart, coldwallet-watch/lib/models/watch_wallet.dart, coldwallet-watch/lib/screens/add_wallet_screen.dart, coldwallet-watch/lib/screens/home_screen.dart, coldwallet-watch/lib/services/wallet_service.dart)
[2026-08-20T09:10:13.761Z] doc files: 5 (coldwallet-app/lib/screens/README.md, coldwallet-watch/lib/models/README.md, coldwallet-watch/lib/screens/README.md, coldwallet-watch/lib/services/README.md, coldwallet-watch/lib/widgets/README.md)
[2026-08-20T09:10:13.762Z] pass - has both source and doc changes
[2026-08-20T09:13:23.040Z] --- hook invoked ---
[2026-08-20T09:13:23.043Z] stdin: {"session_id":"c1b25748-8252-437d-a17a-a7ed04d40052","request_set_id":"86b1f12c-159e-40cf-8aa3-e443bb22eafa","transcript_path":"C:\\Users\\panpan\\.qoder\\projects\\d-code-web3-coldwallet\\transcript\
[2026-08-20T09:13:23.185Z] modifiedFiles: 14 files
[2026-08-20T09:13:23.185Z]   - .qoder/hooks/stop-hook.log, coldwallet-app/lib/screens/README.md, coldwallet-app/lib/screens/home_screen.dart, coldwallet-watch/lib/models/README.md, coldwallet-watch/lib/models/watch_wallet.dart, coldwallet-watch/lib/screens/README.md, coldwallet-watch/lib/screens/add_wallet_screen.dart, coldwallet-watch/lib/screens/home_screen.dart, coldwallet-watch/lib/services/README.md, coldwallet-watch/lib/services/wallet_service.dart...
[2026-08-20T09:13:23.186Z] source files: 5 (coldwallet-app/lib/screens/home_screen.dart, coldwallet-watch/lib/models/watch_wallet.dart, coldwallet-watch/lib/screens/add_wallet_screen.dart, coldwallet-watch/lib/screens/home_screen.dart, coldwallet-watch/lib/services/wallet_service.dart)
[2026-08-20T09:13:23.187Z] doc files: 5 (coldwallet-app/lib/screens/README.md, coldwallet-watch/lib/models/README.md, coldwallet-watch/lib/screens/README.md, coldwallet-watch/lib/services/README.md, coldwallet-watch/lib/widgets/README.md)
[2026-08-20T09:13:23.188Z] pass - has both source and doc changes
[2026-08-20T09:21:39.833Z] --- hook invoked ---
[2026-08-20T09:21:39.835Z] stdin: {"session_id":"c1b25748-8252-437d-a17a-a7ed04d40052","request_set_id":"e8f16df0-d5dc-43f2-983d-fcd77f57812b","transcript_path":"C:\\Users\\panpan\\.qoder\\projects\\d-code-web3-coldwallet\\transcript\
[2026-08-20T09:21:39.965Z] modifiedFiles: 15 files
[2026-08-20T09:21:39.966Z]   - .qoder/hooks/stop-hook.log, coldwallet-app/lib/screens/README.md, coldwallet-app/lib/screens/home_screen.dart, coldwallet-watch/lib/models/README.md, coldwallet-watch/lib/models/watch_wallet.dart, coldwallet-watch/lib/screens/README.md, coldwallet-watch/lib/screens/add_wallet_screen.dart, coldwallet-watch/lib/screens/home_screen.dart, coldwallet-watch/lib/services/README.md, coldwallet-watch/lib/services/blockfrost_service.dart...
[2026-08-20T09:21:39.966Z] source files: 6 (coldwallet-app/lib/screens/home_screen.dart, coldwallet-watch/lib/models/watch_wallet.dart, coldwallet-watch/lib/screens/add_wallet_screen.dart, coldwallet-watch/lib/screens/home_screen.dart, coldwallet-watch/lib/services/blockfrost_service.dart)
[2026-08-20T09:21:39.967Z] doc files: 5 (coldwallet-app/lib/screens/README.md, coldwallet-watch/lib/models/README.md, coldwallet-watch/lib/screens/README.md, coldwallet-watch/lib/services/README.md, coldwallet-watch/lib/widgets/README.md)
[2026-08-20T09:21:39.967Z] pass - has both source and doc changes
[2026-08-20T09:26:05.103Z] --- hook invoked ---
[2026-08-20T09:26:05.114Z] stdin: {"session_id":"c1b25748-8252-437d-a17a-a7ed04d40052","request_set_id":"7388c376-c53a-4586-aebe-256d0b821327","transcript_path":"C:\\Users\\panpan\\.qoder\\projects\\d-code-web3-coldwallet\\transcript\
[2026-08-20T09:26:05.422Z] modifiedFiles: 15 files
[2026-08-20T09:26:05.423Z]   - .qoder/hooks/stop-hook.log, coldwallet-app/lib/screens/README.md, coldwallet-app/lib/screens/home_screen.dart, coldwallet-watch/lib/models/README.md, coldwallet-watch/lib/models/watch_wallet.dart, coldwallet-watch/lib/screens/README.md, coldwallet-watch/lib/screens/add_wallet_screen.dart, coldwallet-watch/lib/screens/home_screen.dart, coldwallet-watch/lib/services/README.md, coldwallet-watch/lib/services/blockfrost_service.dart...
[2026-08-20T09:26:05.424Z] source files: 6 (coldwallet-app/lib/screens/home_screen.dart, coldwallet-watch/lib/models/watch_wallet.dart, coldwallet-watch/lib/screens/add_wallet_screen.dart, coldwallet-watch/lib/screens/home_screen.dart, coldwallet-watch/lib/services/blockfrost_service.dart)
[2026-08-20T09:26:05.425Z] doc files: 5 (coldwallet-app/lib/screens/README.md, coldwallet-watch/lib/models/README.md, coldwallet-watch/lib/screens/README.md, coldwallet-watch/lib/services/README.md, coldwallet-watch/lib/widgets/README.md)
[2026-08-20T09:26:05.426Z] pass - has both source and doc changes
[2026-08-20T09:34:00.616Z] --- hook invoked ---
[2026-08-20T09:34:00.619Z] stdin: {"session_id":"c1b25748-8252-437d-a17a-a7ed04d40052","request_set_id":"aae10be3-fb1d-4595-8bb1-af8f2123a953","transcript_path":"C:\\Users\\panpan\\.qoder\\projects\\d-code-web3-coldwallet\\transcript\
[2026-08-20T09:34:00.972Z] modifiedFiles: 15 files
[2026-08-20T09:34:00.973Z]   - .qoder/hooks/stop-hook.log, coldwallet-app/lib/screens/README.md, coldwallet-app/lib/screens/home_screen.dart, coldwallet-watch/lib/models/README.md, coldwallet-watch/lib/models/watch_wallet.dart, coldwallet-watch/lib/screens/README.md, coldwallet-watch/lib/screens/add_wallet_screen.dart, coldwallet-watch/lib/screens/home_screen.dart, coldwallet-watch/lib/services/README.md, coldwallet-watch/lib/services/blockfrost_service.dart...
[2026-08-20T09:34:00.975Z] source files: 6 (coldwallet-app/lib/screens/home_screen.dart, coldwallet-watch/lib/models/watch_wallet.dart, coldwallet-watch/lib/screens/add_wallet_screen.dart, coldwallet-watch/lib/screens/home_screen.dart, coldwallet-watch/lib/services/blockfrost_service.dart)
[2026-08-20T09:34:00.976Z] doc files: 5 (coldwallet-app/lib/screens/README.md, coldwallet-watch/lib/models/README.md, coldwallet-watch/lib/screens/README.md, coldwallet-watch/lib/services/README.md, coldwallet-watch/lib/widgets/README.md)
[2026-08-20T09:34:00.977Z] pass - has both source and doc changes
[2026-08-20T09:35:47.109Z] --- hook invoked ---
[2026-08-20T09:35:47.111Z] stdin: {"session_id":"c1b25748-8252-437d-a17a-a7ed04d40052","request_set_id":"94deae8c-1933-4e25-bb3e-b39447e841ea","transcript_path":"C:\\Users\\panpan\\.qoder\\projects\\d-code-web3-coldwallet\\transcript\
[2026-08-20T09:35:47.230Z] modifiedFiles: 16 files
[2026-08-20T09:35:47.231Z]   - .qoder/hooks/stop-hook.log, coldwallet-app/lib/screens/README.md, coldwallet-app/lib/screens/home_screen.dart, coldwallet-watch/lib/models/README.md, coldwallet-watch/lib/models/watch_wallet.dart, coldwallet-watch/lib/screens/README.md, coldwallet-watch/lib/screens/add_wallet_screen.dart, coldwallet-watch/lib/screens/home_screen.dart, coldwallet-watch/lib/screens/staking_screen.dart, coldwallet-watch/lib/services/README.md...
[2026-08-20T09:35:47.232Z] source files: 7 (coldwallet-app/lib/screens/home_screen.dart, coldwallet-watch/lib/models/watch_wallet.dart, coldwallet-watch/lib/screens/add_wallet_screen.dart, coldwallet-watch/lib/screens/home_screen.dart, coldwallet-watch/lib/screens/staking_screen.dart)
[2026-08-20T09:35:47.233Z] doc files: 5 (coldwallet-app/lib/screens/README.md, coldwallet-watch/lib/models/README.md, coldwallet-watch/lib/screens/README.md, coldwallet-watch/lib/services/README.md, coldwallet-watch/lib/widgets/README.md)
[2026-08-20T09:35:47.233Z] pass - has both source and doc changes
[2026-08-20T09:37:19.677Z] --- hook invoked ---
[2026-08-20T09:37:19.678Z] stdin: {"session_id":"c1b25748-8252-437d-a17a-a7ed04d40052","request_set_id":"717cc8e6-6a06-4c8a-9fbc-9546d81b401f","transcript_path":"C:\\Users\\panpan\\.qoder\\projects\\d-code-web3-coldwallet\\transcript\
[2026-08-20T09:37:19.801Z] modifiedFiles: 16 files
[2026-08-20T09:37:19.801Z]   - .qoder/hooks/stop-hook.log, coldwallet-app/lib/screens/README.md, coldwallet-app/lib/screens/home_screen.dart, coldwallet-watch/lib/models/README.md, coldwallet-watch/lib/models/watch_wallet.dart, coldwallet-watch/lib/screens/README.md, coldwallet-watch/lib/screens/add_wallet_screen.dart, coldwallet-watch/lib/screens/home_screen.dart, coldwallet-watch/lib/screens/staking_screen.dart, coldwallet-watch/lib/services/README.md...
[2026-08-20T09:37:19.802Z] source files: 7 (coldwallet-app/lib/screens/home_screen.dart, coldwallet-watch/lib/models/watch_wallet.dart, coldwallet-watch/lib/screens/add_wallet_screen.dart, coldwallet-watch/lib/screens/home_screen.dart, coldwallet-watch/lib/screens/staking_screen.dart)
[2026-08-20T09:37:19.802Z] doc files: 5 (coldwallet-app/lib/screens/README.md, coldwallet-watch/lib/models/README.md, coldwallet-watch/lib/screens/README.md, coldwallet-watch/lib/services/README.md, coldwallet-watch/lib/widgets/README.md)
[2026-08-20T09:37:19.803Z] pass - has both source and doc changes
[2026-08-20T10:08:16.521Z] --- hook invoked ---
[2026-08-20T10:08:16.523Z] stdin: {"session_id":"6e7a2f0b-b1fa-46c1-8f1c-29246dff7c3e","request_set_id":"2211fc4a-30e6-4250-974c-c241c9dee500","transcript_path":"C:\\Users\\panpan\\.qoder\\projects\\d-code-web3-coldwallet\\transcript\
[2026-08-20T10:08:16.674Z] modifiedFiles: 19 files
[2026-08-20T10:08:16.674Z]   - .qoder/hooks/stop-hook.log, coldwallet-app/lib/screens/README.md, coldwallet-app/lib/screens/home_screen.dart, coldwallet-watch/lib/README.md, coldwallet-watch/lib/models/README.md, coldwallet-watch/lib/models/watch_wallet.dart, coldwallet-watch/lib/screens/README.md, coldwallet-watch/lib/screens/add_wallet_screen.dart, coldwallet-watch/lib/screens/home_screen.dart, coldwallet-watch/lib/screens/staking_screen.dart...
[2026-08-20T10:08:16.675Z] source files: 9 (coldwallet-app/lib/screens/home_screen.dart, coldwallet-watch/lib/models/watch_wallet.dart, coldwallet-watch/lib/screens/add_wallet_screen.dart, coldwallet-watch/lib/screens/home_screen.dart, coldwallet-watch/lib/screens/staking_screen.dart)
[2026-08-20T10:08:16.675Z] doc files: 6 (coldwallet-app/lib/screens/README.md, coldwallet-watch/lib/README.md, coldwallet-watch/lib/models/README.md, coldwallet-watch/lib/screens/README.md, coldwallet-watch/lib/services/README.md, coldwallet-watch/lib/widgets/README.md)
[2026-08-20T10:08:16.676Z] pass - has both source and doc changes
[2026-08-20T10:18:18.637Z] --- hook invoked ---
[2026-08-20T10:18:18.645Z] stdin: {"session_id":"6e7a2f0b-b1fa-46c1-8f1c-29246dff7c3e","request_set_id":"537d3c7b-69be-4c26-bc28-d69839321e4f","transcript_path":"C:\\Users\\panpan\\.qoder\\projects\\d-code-web3-coldwallet\\transcript\
[2026-08-20T10:18:18.816Z] modifiedFiles: 23 files
[2026-08-20T10:18:18.817Z]   - .qoder/hooks/stop-hook.log, PROTOCOL.md, coldwallet-app/lib/screens/README.md, coldwallet-app/lib/screens/home_screen.dart, coldwallet-app/lib/screens/tx_detail_screen.dart, coldwallet-protocol/lib/cardano/cold_export.dart, coldwallet-protocol/test/cardano/cold_export_staking_test.dart, coldwallet-watch/lib/README.md, coldwallet-watch/lib/models/README.md, coldwallet-watch/lib/models/watch_wallet.dart...
[2026-08-20T10:18:18.818Z] source files: 11 (coldwallet-app/lib/screens/home_screen.dart, coldwallet-app/lib/screens/tx_detail_screen.dart, coldwallet-protocol/lib/cardano/cold_export.dart, coldwallet-watch/lib/models/watch_wallet.dart, coldwallet-watch/lib/screens/add_wallet_screen.dart)
[2026-08-20T10:18:18.818Z] doc files: 7 (PROTOCOL.md, coldwallet-app/lib/screens/README.md, coldwallet-watch/lib/README.md, coldwallet-watch/lib/models/README.md, coldwallet-watch/lib/screens/README.md, coldwallet-watch/lib/services/README.md, coldwallet-watch/lib/widgets/README.md)
[2026-08-20T10:18:18.818Z] pass - has both source and doc changes
[2026-08-21T01:56:45.205Z] --- hook invoked ---
[2026-08-21T01:56:45.206Z] stdin: {"session_id":"6e7a2f0b-b1fa-46c1-8f1c-29246dff7c3e","request_set_id":"460bb3d0-1fe1-49ba-a071-e8211f7b0739","transcript_path":"C:\\Users\\panpan\\.qoder\\projects\\d-code-web3-coldwallet\\transcript\
[2026-08-21T01:56:45.708Z] modifiedFiles: 23 files
[2026-08-21T01:56:45.709Z]   - .qoder/hooks/stop-hook.log, PROTOCOL.md, coldwallet-app/lib/screens/README.md, coldwallet-app/lib/screens/home_screen.dart, coldwallet-app/lib/screens/tx_detail_screen.dart, coldwallet-protocol/lib/cardano/cold_export.dart, coldwallet-protocol/test/cardano/cold_export_staking_test.dart, coldwallet-watch/lib/README.md, coldwallet-watch/lib/models/README.md, coldwallet-watch/lib/models/watch_wallet.dart...
[2026-08-21T01:56:45.709Z] source files: 11 (coldwallet-app/lib/screens/home_screen.dart, coldwallet-app/lib/screens/tx_detail_screen.dart, coldwallet-protocol/lib/cardano/cold_export.dart, coldwallet-watch/lib/models/watch_wallet.dart, coldwallet-watch/lib/screens/add_wallet_screen.dart)
[2026-08-21T01:56:45.709Z] doc files: 7 (PROTOCOL.md, coldwallet-app/lib/screens/README.md, coldwallet-watch/lib/README.md, coldwallet-watch/lib/models/README.md, coldwallet-watch/lib/screens/README.md, coldwallet-watch/lib/services/README.md, coldwallet-watch/lib/widgets/README.md)
[2026-08-21T01:56:45.710Z] pass - has both source and doc changes
[2026-08-21T01:58:18.373Z] --- hook invoked ---
[2026-08-21T01:58:18.375Z] stdin: {"session_id":"6e7a2f0b-b1fa-46c1-8f1c-29246dff7c3e","request_set_id":"6315bc1a-08d3-4c30-8ade-f1d370c85347","transcript_path":"C:\\Users\\panpan\\.qoder\\projects\\d-code-web3-coldwallet\\transcript\
[2026-08-21T01:58:18.601Z] modifiedFiles: 23 files
[2026-08-21T01:58:18.602Z]   - .qoder/hooks/stop-hook.log, PROTOCOL.md, coldwallet-app/lib/screens/README.md, coldwallet-app/lib/screens/home_screen.dart, coldwallet-app/lib/screens/tx_detail_screen.dart, coldwallet-protocol/lib/cardano/cold_export.dart, coldwallet-protocol/test/cardano/cold_export_staking_test.dart, coldwallet-watch/lib/README.md, coldwallet-watch/lib/models/README.md, coldwallet-watch/lib/models/watch_wallet.dart...
[2026-08-21T01:58:18.603Z] source files: 11 (coldwallet-app/lib/screens/home_screen.dart, coldwallet-app/lib/screens/tx_detail_screen.dart, coldwallet-protocol/lib/cardano/cold_export.dart, coldwallet-watch/lib/models/watch_wallet.dart, coldwallet-watch/lib/screens/add_wallet_screen.dart)
[2026-08-21T01:58:18.603Z] doc files: 7 (PROTOCOL.md, coldwallet-app/lib/screens/README.md, coldwallet-watch/lib/README.md, coldwallet-watch/lib/models/README.md, coldwallet-watch/lib/screens/README.md, coldwallet-watch/lib/services/README.md, coldwallet-watch/lib/widgets/README.md)
[2026-08-21T01:58:18.604Z] pass - has both source and doc changes
[2026-08-21T02:01:13.213Z] --- hook invoked ---
[2026-08-21T02:01:13.214Z] stdin: {"session_id":"6e7a2f0b-b1fa-46c1-8f1c-29246dff7c3e","request_set_id":"ad49000a-e351-4b45-93f1-9c68102fd33e","transcript_path":"C:\\Users\\panpan\\.qoder\\projects\\d-code-web3-coldwallet\\transcript\
[2026-08-21T02:01:13.388Z] modifiedFiles: 23 files
[2026-08-21T02:01:13.388Z]   - .qoder/hooks/stop-hook.log, PROTOCOL.md, coldwallet-app/lib/screens/README.md, coldwallet-app/lib/screens/home_screen.dart, coldwallet-app/lib/screens/tx_detail_screen.dart, coldwallet-protocol/lib/cardano/cold_export.dart, coldwallet-protocol/test/cardano/cold_export_staking_test.dart, coldwallet-watch/lib/README.md, coldwallet-watch/lib/models/README.md, coldwallet-watch/lib/models/watch_wallet.dart...
[2026-08-21T02:01:13.388Z] source files: 11 (coldwallet-app/lib/screens/home_screen.dart, coldwallet-app/lib/screens/tx_detail_screen.dart, coldwallet-protocol/lib/cardano/cold_export.dart, coldwallet-watch/lib/models/watch_wallet.dart, coldwallet-watch/lib/screens/add_wallet_screen.dart)
[2026-08-21T02:01:13.389Z] doc files: 7 (PROTOCOL.md, coldwallet-app/lib/screens/README.md, coldwallet-watch/lib/README.md, coldwallet-watch/lib/models/README.md, coldwallet-watch/lib/screens/README.md, coldwallet-watch/lib/services/README.md, coldwallet-watch/lib/widgets/README.md)
[2026-08-21T02:01:13.389Z] pass - has both source and doc changes
[2026-08-21T02:23:12.438Z] --- hook invoked ---
[2026-08-21T02:23:12.441Z] stdin: {"session_id":"6e7a2f0b-b1fa-46c1-8f1c-29246dff7c3e","request_set_id":"d1044d6c-8bcb-431c-a8e7-2d89c5cd784a","transcript_path":"C:\\Users\\panpan\\.qoder\\projects\\d-code-web3-coldwallet\\transcript\
[2026-08-21T02:23:12.597Z] modifiedFiles: 23 files
[2026-08-21T02:23:12.597Z]   - .qoder/hooks/stop-hook.log, PROTOCOL.md, coldwallet-app/lib/screens/README.md, coldwallet-app/lib/screens/home_screen.dart, coldwallet-app/lib/screens/tx_detail_screen.dart, coldwallet-protocol/lib/cardano/cold_export.dart, coldwallet-protocol/test/cardano/cold_export_staking_test.dart, coldwallet-watch/lib/README.md, coldwallet-watch/lib/models/README.md, coldwallet-watch/lib/models/watch_wallet.dart...
[2026-08-21T02:23:12.598Z] source files: 11 (coldwallet-app/lib/screens/home_screen.dart, coldwallet-app/lib/screens/tx_detail_screen.dart, coldwallet-protocol/lib/cardano/cold_export.dart, coldwallet-watch/lib/models/watch_wallet.dart, coldwallet-watch/lib/screens/add_wallet_screen.dart)
[2026-08-21T02:23:12.598Z] doc files: 7 (PROTOCOL.md, coldwallet-app/lib/screens/README.md, coldwallet-watch/lib/README.md, coldwallet-watch/lib/models/README.md, coldwallet-watch/lib/screens/README.md, coldwallet-watch/lib/services/README.md, coldwallet-watch/lib/widgets/README.md)
[2026-08-21T02:23:12.599Z] pass - has both source and doc changes
[2026-08-21T02:39:37.946Z] --- hook invoked ---
[2026-08-21T02:39:37.948Z] stdin: {"session_id":"6e7a2f0b-b1fa-46c1-8f1c-29246dff7c3e","request_set_id":"362ae554-fe69-42b0-a2b6-b779c8cd4547","transcript_path":"C:\\Users\\panpan\\.qoder\\projects\\d-code-web3-coldwallet\\transcript\
[2026-08-21T02:39:38.101Z] modifiedFiles: 24 files
[2026-08-21T02:39:38.101Z]   - .qoder/hooks/stop-hook.log, PROTOCOL.md, coldwallet-app/lib/screens/README.md, coldwallet-app/lib/screens/home_screen.dart, coldwallet-app/lib/screens/tx_detail_screen.dart, coldwallet-protocol/lib/cardano/cold_export.dart, coldwallet-protocol/test/cardano/cold_export_staking_test.dart, coldwallet-watch/lib/README.md, coldwallet-watch/lib/models/README.md, coldwallet-watch/lib/models/watch_wallet.dart...
[2026-08-21T02:39:38.102Z] source files: 12 (coldwallet-app/lib/screens/home_screen.dart, coldwallet-app/lib/screens/tx_detail_screen.dart, coldwallet-protocol/lib/cardano/cold_export.dart, coldwallet-watch/lib/models/watch_wallet.dart, coldwallet-watch/lib/screens/add_wallet_screen.dart)
[2026-08-21T02:39:38.102Z] doc files: 7 (PROTOCOL.md, coldwallet-app/lib/screens/README.md, coldwallet-watch/lib/README.md, coldwallet-watch/lib/models/README.md, coldwallet-watch/lib/screens/README.md, coldwallet-watch/lib/services/README.md, coldwallet-watch/lib/widgets/README.md)
[2026-08-21T02:39:38.103Z] pass - has both source and doc changes
[2026-08-21T02:41:21.275Z] --- hook invoked ---
[2026-08-21T02:41:21.277Z] stdin: {"session_id":"6ab6f1b9-5d8f-401d-8af0-4a6357f21fce","request_set_id":"9ebbc9e8-1116-4a4a-9b64-230e37fcbd20","transcript_path":"C:\\Users\\panpan\\.qoder\\projects\\d-code-web3-coldwallet\\transcript\
[2026-08-21T02:41:21.440Z] modifiedFiles: 24 files
[2026-08-21T02:41:21.440Z]   - .qoder/hooks/stop-hook.log, PROTOCOL.md, coldwallet-app/lib/screens/README.md, coldwallet-app/lib/screens/home_screen.dart, coldwallet-app/lib/screens/tx_detail_screen.dart, coldwallet-protocol/lib/cardano/cold_export.dart, coldwallet-protocol/test/cardano/cold_export_staking_test.dart, coldwallet-watch/lib/README.md, coldwallet-watch/lib/models/README.md, coldwallet-watch/lib/models/watch_wallet.dart...
[2026-08-21T02:41:21.442Z] source files: 12 (coldwallet-app/lib/screens/home_screen.dart, coldwallet-app/lib/screens/tx_detail_screen.dart, coldwallet-protocol/lib/cardano/cold_export.dart, coldwallet-watch/lib/models/watch_wallet.dart, coldwallet-watch/lib/screens/add_wallet_screen.dart)
[2026-08-21T02:41:21.442Z] doc files: 7 (PROTOCOL.md, coldwallet-app/lib/screens/README.md, coldwallet-watch/lib/README.md, coldwallet-watch/lib/models/README.md, coldwallet-watch/lib/screens/README.md, coldwallet-watch/lib/services/README.md, coldwallet-watch/lib/widgets/README.md)
[2026-08-21T02:41:21.443Z] pass - has both source and doc changes
[2026-08-21T02:44:13.988Z] --- hook invoked ---
[2026-08-21T02:44:13.990Z] stdin: {"session_id":"6ab6f1b9-5d8f-401d-8af0-4a6357f21fce","request_set_id":"543c379e-eb76-4358-bd9b-6bc5d8e1b682","transcript_path":"C:\\Users\\panpan\\.qoder\\projects\\d-code-web3-coldwallet\\transcript\
[2026-08-21T02:44:14.109Z] modifiedFiles: 24 files
[2026-08-21T02:44:14.110Z]   - .qoder/hooks/stop-hook.log, PROTOCOL.md, coldwallet-app/lib/screens/README.md, coldwallet-app/lib/screens/home_screen.dart, coldwallet-app/lib/screens/tx_detail_screen.dart, coldwallet-protocol/lib/cardano/cold_export.dart, coldwallet-protocol/test/cardano/cold_export_staking_test.dart, coldwallet-watch/lib/README.md, coldwallet-watch/lib/models/README.md, coldwallet-watch/lib/models/watch_wallet.dart...
[2026-08-21T02:44:14.110Z] source files: 12 (coldwallet-app/lib/screens/home_screen.dart, coldwallet-app/lib/screens/tx_detail_screen.dart, coldwallet-protocol/lib/cardano/cold_export.dart, coldwallet-watch/lib/models/watch_wallet.dart, coldwallet-watch/lib/screens/add_wallet_screen.dart)
[2026-08-21T02:44:14.111Z] doc files: 7 (PROTOCOL.md, coldwallet-app/lib/screens/README.md, coldwallet-watch/lib/README.md, coldwallet-watch/lib/models/README.md, coldwallet-watch/lib/screens/README.md, coldwallet-watch/lib/services/README.md, coldwallet-watch/lib/widgets/README.md)
[2026-08-21T02:44:14.111Z] pass - has both source and doc changes
[2026-08-21T02:46:55.054Z] --- hook invoked ---
[2026-08-21T02:46:55.056Z] stdin: {"session_id":"6ab6f1b9-5d8f-401d-8af0-4a6357f21fce","request_set_id":"053a84a8-8402-4e77-81c0-7ed6a8f26d91","transcript_path":"C:\\Users\\panpan\\.qoder\\projects\\d-code-web3-coldwallet\\transcript\
[2026-08-21T02:46:55.170Z] modifiedFiles: 24 files
[2026-08-21T02:46:55.171Z]   - .qoder/hooks/stop-hook.log, PROTOCOL.md, coldwallet-app/lib/screens/README.md, coldwallet-app/lib/screens/home_screen.dart, coldwallet-app/lib/screens/tx_detail_screen.dart, coldwallet-protocol/lib/cardano/cold_export.dart, coldwallet-protocol/test/cardano/cold_export_staking_test.dart, coldwallet-watch/lib/README.md, coldwallet-watch/lib/models/README.md, coldwallet-watch/lib/models/watch_wallet.dart...
[2026-08-21T02:46:55.172Z] source files: 12 (coldwallet-app/lib/screens/home_screen.dart, coldwallet-app/lib/screens/tx_detail_screen.dart, coldwallet-protocol/lib/cardano/cold_export.dart, coldwallet-watch/lib/models/watch_wallet.dart, coldwallet-watch/lib/screens/add_wallet_screen.dart)
[2026-08-21T02:46:55.172Z] doc files: 7 (PROTOCOL.md, coldwallet-app/lib/screens/README.md, coldwallet-watch/lib/README.md, coldwallet-watch/lib/models/README.md, coldwallet-watch/lib/screens/README.md, coldwallet-watch/lib/services/README.md, coldwallet-watch/lib/widgets/README.md)
[2026-08-21T02:46:55.172Z] pass - has both source and doc changes
[2026-08-21T02:48:01.969Z] --- hook invoked ---
[2026-08-21T02:48:01.971Z] stdin: {"session_id":"6ab6f1b9-5d8f-401d-8af0-4a6357f21fce","request_set_id":"624f81c3-65d9-4168-ba9c-7ce7db1a8c32","transcript_path":"C:\\Users\\panpan\\.qoder\\projects\\d-code-web3-coldwallet\\transcript\
[2026-08-21T02:48:02.130Z] modifiedFiles: 24 files
[2026-08-21T02:48:02.131Z]   - .qoder/hooks/stop-hook.log, PROTOCOL.md, coldwallet-app/lib/screens/README.md, coldwallet-app/lib/screens/home_screen.dart, coldwallet-app/lib/screens/tx_detail_screen.dart, coldwallet-protocol/lib/cardano/cold_export.dart, coldwallet-protocol/test/cardano/cold_export_staking_test.dart, coldwallet-watch/lib/README.md, coldwallet-watch/lib/models/README.md, coldwallet-watch/lib/models/watch_wallet.dart...
[2026-08-21T02:48:02.132Z] source files: 12 (coldwallet-app/lib/screens/home_screen.dart, coldwallet-app/lib/screens/tx_detail_screen.dart, coldwallet-protocol/lib/cardano/cold_export.dart, coldwallet-watch/lib/models/watch_wallet.dart, coldwallet-watch/lib/screens/add_wallet_screen.dart)
[2026-08-21T02:48:02.132Z] doc files: 7 (PROTOCOL.md, coldwallet-app/lib/screens/README.md, coldwallet-watch/lib/README.md, coldwallet-watch/lib/models/README.md, coldwallet-watch/lib/screens/README.md, coldwallet-watch/lib/services/README.md, coldwallet-watch/lib/widgets/README.md)
[2026-08-21T02:48:02.133Z] pass - has both source and doc changes
[2026-08-21T02:59:42.410Z] --- hook invoked ---
[2026-08-21T02:59:42.412Z] stdin: {"session_id":"fbb8ced6-f0cd-4ccc-827c-8a10fc716258","request_set_id":"69867f60-5e4c-422b-ae17-5ae47fbff234","transcript_path":"C:\\Users\\panpan\\.qoder\\projects\\d-code-web3-coldwallet\\transcript\
[2026-08-21T02:59:42.571Z] modifiedFiles: 24 files
[2026-08-21T02:59:42.571Z]   - .qoder/hooks/stop-hook.log, PROTOCOL.md, coldwallet-app/lib/screens/README.md, coldwallet-app/lib/screens/home_screen.dart, coldwallet-app/lib/screens/tx_detail_screen.dart, coldwallet-protocol/lib/cardano/cold_export.dart, coldwallet-protocol/test/cardano/cold_export_staking_test.dart, coldwallet-watch/lib/README.md, coldwallet-watch/lib/models/README.md, coldwallet-watch/lib/models/watch_wallet.dart...
[2026-08-21T02:59:42.571Z] source files: 12 (coldwallet-app/lib/screens/home_screen.dart, coldwallet-app/lib/screens/tx_detail_screen.dart, coldwallet-protocol/lib/cardano/cold_export.dart, coldwallet-watch/lib/models/watch_wallet.dart, coldwallet-watch/lib/screens/add_wallet_screen.dart)
[2026-08-21T02:59:42.573Z] doc files: 7 (PROTOCOL.md, coldwallet-app/lib/screens/README.md, coldwallet-watch/lib/README.md, coldwallet-watch/lib/models/README.md, coldwallet-watch/lib/screens/README.md, coldwallet-watch/lib/services/README.md, coldwallet-watch/lib/widgets/README.md)
[2026-08-21T02:59:42.573Z] pass - has both source and doc changes
[2026-08-21T03:00:05.235Z] --- hook invoked ---
[2026-08-21T03:00:05.236Z] stdin: {"session_id":"fbb8ced6-f0cd-4ccc-827c-8a10fc716258","request_set_id":"cbbf7a0a-bc13-4699-98e8-be1091fa2620","transcript_path":"C:\\Users\\panpan\\.qoder\\projects\\d-code-web3-coldwallet\\transcript\
[2026-08-21T03:00:05.361Z] modifiedFiles: 24 files
[2026-08-21T03:00:05.361Z]   - .qoder/hooks/stop-hook.log, PROTOCOL.md, coldwallet-app/lib/screens/README.md, coldwallet-app/lib/screens/home_screen.dart, coldwallet-app/lib/screens/tx_detail_screen.dart, coldwallet-protocol/lib/cardano/cold_export.dart, coldwallet-protocol/test/cardano/cold_export_staking_test.dart, coldwallet-watch/lib/README.md, coldwallet-watch/lib/models/README.md, coldwallet-watch/lib/models/watch_wallet.dart...
[2026-08-21T03:00:05.361Z] source files: 12 (coldwallet-app/lib/screens/home_screen.dart, coldwallet-app/lib/screens/tx_detail_screen.dart, coldwallet-protocol/lib/cardano/cold_export.dart, coldwallet-watch/lib/models/watch_wallet.dart, coldwallet-watch/lib/screens/add_wallet_screen.dart)
[2026-08-21T03:00:05.361Z] doc files: 7 (PROTOCOL.md, coldwallet-app/lib/screens/README.md, coldwallet-watch/lib/README.md, coldwallet-watch/lib/models/README.md, coldwallet-watch/lib/screens/README.md, coldwallet-watch/lib/services/README.md, coldwallet-watch/lib/widgets/README.md)
[2026-08-21T03:00:05.363Z] pass - has both source and doc changes
[2026-08-21T03:07:36.305Z] --- hook invoked ---
[2026-08-21T03:07:36.311Z] stdin: {"session_id":"fbb8ced6-f0cd-4ccc-827c-8a10fc716258","request_set_id":"3fa4560a-a091-4a67-a9f3-62565dafa104","transcript_path":"C:\\Users\\panpan\\.qoder\\projects\\d-code-web3-coldwallet\\transcript\
[2026-08-21T03:07:36.626Z] modifiedFiles: 24 files
[2026-08-21T03:07:36.627Z]   - .qoder/hooks/stop-hook.log, PROTOCOL.md, coldwallet-app/lib/screens/README.md, coldwallet-app/lib/screens/home_screen.dart, coldwallet-app/lib/screens/tx_detail_screen.dart, coldwallet-protocol/lib/cardano/cold_export.dart, coldwallet-protocol/test/cardano/cold_export_staking_test.dart, coldwallet-watch/lib/README.md, coldwallet-watch/lib/models/README.md, coldwallet-watch/lib/models/watch_wallet.dart...
[2026-08-21T03:07:36.629Z] source files: 12 (coldwallet-app/lib/screens/home_screen.dart, coldwallet-app/lib/screens/tx_detail_screen.dart, coldwallet-protocol/lib/cardano/cold_export.dart, coldwallet-watch/lib/models/watch_wallet.dart, coldwallet-watch/lib/screens/add_wallet_screen.dart)
[2026-08-21T03:07:36.631Z] doc files: 7 (PROTOCOL.md, coldwallet-app/lib/screens/README.md, coldwallet-watch/lib/README.md, coldwallet-watch/lib/models/README.md, coldwallet-watch/lib/screens/README.md, coldwallet-watch/lib/services/README.md, coldwallet-watch/lib/widgets/README.md)
[2026-08-21T03:07:36.633Z] pass - has both source and doc changes
[2026-08-21T03:19:41.366Z] --- hook invoked ---
[2026-08-21T03:19:41.369Z] stdin: {"session_id":"fbb8ced6-f0cd-4ccc-827c-8a10fc716258","request_set_id":"cbdd3188-1abe-4936-8105-d09e2c5aacf5","transcript_path":"C:\\Users\\panpan\\.qoder\\projects\\d-code-web3-coldwallet\\transcript\
[2026-08-21T03:19:41.746Z] modifiedFiles: 24 files
[2026-08-21T03:19:41.747Z]   - .qoder/hooks/stop-hook.log, PROTOCOL.md, coldwallet-app/lib/screens/README.md, coldwallet-app/lib/screens/home_screen.dart, coldwallet-app/lib/screens/tx_detail_screen.dart, coldwallet-protocol/lib/cardano/cold_export.dart, coldwallet-protocol/test/cardano/cold_export_staking_test.dart, coldwallet-watch/lib/README.md, coldwallet-watch/lib/models/README.md, coldwallet-watch/lib/models/watch_wallet.dart...
[2026-08-21T03:19:41.749Z] source files: 12 (coldwallet-app/lib/screens/home_screen.dart, coldwallet-app/lib/screens/tx_detail_screen.dart, coldwallet-protocol/lib/cardano/cold_export.dart, coldwallet-watch/lib/models/watch_wallet.dart, coldwallet-watch/lib/screens/add_wallet_screen.dart)
[2026-08-21T03:19:41.751Z] doc files: 7 (PROTOCOL.md, coldwallet-app/lib/screens/README.md, coldwallet-watch/lib/README.md, coldwallet-watch/lib/models/README.md, coldwallet-watch/lib/screens/README.md, coldwallet-watch/lib/services/README.md, coldwallet-watch/lib/widgets/README.md)
[2026-08-21T03:19:41.752Z] pass - has both source and doc changes
